ENSEMBL,sd
ENSG00000182307,0.7317946559968839
ENSG00000173065,0.6733400920302016
ENSG00000111144,0.6323325222637552
ENSG00000069696,1.423823566566151
ENSG00000160959,0.7489281267588926
ENSG00000164061,1.413393045672419
ENSG00000104524,0.7784438203591865
ENSG00000012048,1.3419128702299183
ENSG00000184277,0.5846376242261732
ENSG00000147383,0.629457370318729
ENSG00000160111,1.7228010479678244
ENSG00000152942,0.5172697829809942
ENSG00000153310,0.6618350819445944
ENSG00000177034,0.6344040937329737
ENSG00000131871,0.6154558041420503
ENSG00000147789,0.6272042846697508
ENSG00000196378,0.6844450484923736
ENSG00000185825,0.6377672325599356
ENSG00000197858,0.716144224305194
ENSG00000108639,0.7849012514104822
ENSG00000075151,0.7395507506253041
ENSG00000006757,0.9885917601315232
ENSG00000186862,1.4351868462513262
ENSG00000196704,0.5484056948840389
ENSG00000152409,0.6343650378151733
ENSG00000174165,0.5428759800946384
ENSG00000049089,1.6731333366499697
ENSG00000070010,0.5748840425880267
ENSG00000163749,1.2269086220810057
ENSG00000116661,1.8921261495687982
ENSG00000167900,0.9393469695232867
ENSG00000119242,0.5696358712364213
ENSG00000118363,0.5407194997019907
ENSG00000160999,0.833353987487364
ENSG00000124532,0.5922100534644265
ENSG00000179091,0.8478867936760708
ENSG00000102158,0.6417269909761982
ENSG00000147813,1.2276598144556663
ENSG00000143951,0.567729582900544
ENSG00000147679,0.6236277560671499
ENSG00000141543,0.49942997336562084
ENSG00000170619,0.6256621236149343
ENSG00000101911,0.7191349748188205
ENSG00000109113,0.6882236016126467
ENSG00000164466,0.6159538584956324
ENSG00000185000,0.7569022102428576
ENSG00000090006,1.4294469609102571
ENSG00000185122,0.6092373688699976
ENSG00000165501,0.688199458506008
ENSG00000169689,0.8544881173503381
ENSG00000109111,0.6621123822146248
ENSG00000132589,0.7003521681914668
ENSG00000141867,0.7125512683119102
ENSG00000109118,0.6183557342206268
ENSG00000113048,0.6276864679650471
ENSG00000205903,0.8812297273137192
ENSG00000011243,0.7045754112643535
ENSG00000101452,0.6295174212103487
ENSG00000174989,0.6797912765985914
ENSG00000122507,0.5775010966890769
ENSG00000128050,0.593280031898487
ENSG00000130413,1.1565317235694483
ENSG00000169398,0.5644681804461541
ENSG00000078814,1.2531772515557535
ENSG00000100075,0.6817296038810836
ENSG00000131876,0.6253370626633066
ENSG00000115282,0.5330413546211209
ENSG00000117625,0.6328809577809158
ENSG00000109103,0.7159426901277691
ENSG00000178896,0.7695704930465699
ENSG00000155959,0.5552432570632635
ENSG00000077514,0.6008991290097592
ENSG00000141542,0.7919365824505947
ENSG00000013503,0.5998700427939396
ENSG00000100253,1.3357693690619028
ENSG00000179632,0.5893279256873486
ENSG00000177666,0.7346601271461698
ENSG00000173137,0.7410814481915124
ENSG00000123411,0.7394037000322837
ENSG00000169683,0.7156678548012849
ENSG00000061936,0.5711508192564847
ENSG00000141560,0.6048026203001818
ENSG00000160957,0.8891112844938495
ENSG00000110172,0.6672849634922466
ENSG00000144550,1.0353001763797647
ENSG00000136986,0.5726518397714918
ENSG00000144354,1.2770610552691695
ENSG00000166046,0.9320051752312961
ENSG00000172172,0.736397504953021
ENSG00000138613,0.7716027445110138
ENSG00000183309,0.6195179763352358
ENSG00000106089,0.7723304292280398
ENSG00000167799,0.981774926440847
ENSG00000137522,0.5355037687581968
ENSG00000170175,0.8956982473662574
ENSG00000142046,0.8283582769586624
ENSG00000173674,0.6299711841965211
ENSG00000139719,0.5654337664432978
ENSG00000239779,0.7168452310337121
ENSG00000198728,0.55873724828476
ENSG00000100902,0.7226385562557455
ENSG00000185515,0.6683027207747475
ENSG00000205667,1.6522502849806973
ENSG00000101868,0.6024635869009968
ENSG00000117139,0.7710051094474193
ENSG00000004487,0.5437327766288219
ENSG00000178966,0.710885809808694
ENSG00000198393,0.7257146289197128
ENSG00000121653,1.1673282668844025
ENSG00000133597,0.598850027280241
ENSG00000156795,0.6540632484329354
ENSG00000132591,0.6316155017731357
ENSG00000132005,0.6467773208344074
ENSG00000166405,2.0448302383436125
ENSG00000051009,0.6623749617132976
ENSG00000168283,0.7583881717676114
ENSG00000100206,1.415586329841702
ENSG00000198746,0.49369460083994515
ENSG00000101856,0.6264604393162208
ENSG00000174804,1.0045389982546522
ENSG00000104814,1.0726491521607937
ENSG00000148187,0.6071830928244223
ENSG00000050748,0.615454043874633
ENSG00000110844,0.7437553963821376
ENSG00000129757,1.2890780166716802
ENSG00000179528,1.5610371333149073
ENSG00000256223,0.8625813459243424
ENSG00000169223,0.5916519235226234
ENSG00000107614,0.8176772777723857
ENSG00000148229,0.6182787998793264
ENSG00000139182,0.9828213301776928
ENSG00000183684,0.6852918657985914
ENSG00000099901,0.6480817763416229
ENSG00000160131,0.6071747647421005
ENSG00000141552,0.7288481153112714
ENSG00000105072,0.7650478874712466
ENSG00000131100,0.5930516953709748
ENSG00000135473,0.8968870199932235
ENSG00000132017,0.7436013188376249
ENSG00000155034,0.8494009842879269
ENSG00000188735,0.6791540951365178
ENSG00000118965,0.795171001989534
ENSG00000100994,0.6575635878307269
ENSG00000123595,0.6763590899447699
ENSG00000140525,0.8032962218795808
ENSG00000122965,0.6207766305838839
ENSG00000067177,0.8632832569274913
ENSG00000136044,0.6169319901059682
ENSG00000168876,0.6293432585333887
ENSG00000129515,0.5459044236118564
ENSG00000132792,0.5747381484431948
ENSG00000204138,0.6080876330905001
ENSG00000058453,0.8717112654958338
ENSG00000224877,0.7967230509672151
ENSG00000132535,0.9530766104255163
ENSG00000100926,0.5350838544770968
ENSG00000106346,0.6306578401483377
ENSG00000183960,2.0409980852688663
ENSG00000156802,0.8152724802983942
ENSG00000126953,0.5652858338675951
ENSG00000103197,0.6910035724530282
ENSG00000185522,0.9794605259550272
ENSG00000104957,0.7505450557803816
ENSG00000204842,0.5757456300026099
ENSG00000164309,1.3520368091205166
ENSG00000244617,1.0804664755436098
ENSG00000159423,0.8667935137700274
ENSG00000165156,0.7050611545027025
ENSG00000184508,0.7140174994753347
ENSG00000167632,0.6207449434695338
ENSG00000064313,0.5351917698139613
ENSG00000189180,0.6796960241323876
ENSG00000198720,1.167073470882373
ENSG00000110619,0.5340420520614307
ENSG00000150990,0.6256407557751571
ENSG00000167700,0.8963147268747386
ENSG00000171241,0.8441510460792108
ENSG00000065600,0.749349568125852
ENSG00000132003,1.0715100121740218
ENSG00000185418,0.6904820372273565
ENSG00000189057,1.1302583598959424
ENSG00000070495,0.5315908478136663
ENSG00000104549,0.814487518982693
ENSG00000213593,0.5076956636318155
ENSG00000164338,0.5138348868911673
ENSG00000169684,1.4987523624618515
ENSG00000204237,0.6321518269303629
ENSG00000169230,0.6428141211918001
ENSG00000080819,0.5709077702521703
ENSG00000141580,0.657086134107583
ENSG00000168003,0.5364753177460977
ENSG00000130338,0.7001353293679147
ENSG00000174282,0.73007851192286
ENSG00000005022,0.6999518563270334
ENSG00000197170,0.5053154805110633
ENSG00000178498,0.851561509391652
ENSG00000101040,0.7120808079500824
ENSG00000184350,2.030271685335224
ENSG00000093009,0.9389121634159731
ENSG00000183665,0.6615325086178045
ENSG00000187838,0.9582156072411389
ENSG00000004961,0.6526700363764466
ENSG00000160551,0.5679502241262321
ENSG00000147676,0.9924422037616549
ENSG00000187954,0.6146476313770131
ENSG00000205531,0.4769028186979271
ENSG00000152359,0.5459571439887371
ENSG00000249715,1.8178037537563856
ENSG00000109519,0.5758657683064079
ENSG00000099968,0.5300845242764138
ENSG00000157837,0.5480381532665978
ENSG00000135365,0.6103135887419808
ENSG00000171456,0.6008280835101508
ENSG00000175203,0.45238164634547456
ENSG00000181924,0.6569394920947225
ENSG00000242802,0.6731934640886534
ENSG00000004975,0.5904527897100772
ENSG00000125445,0.6458811165108129
ENSG00000242259,0.6434000293637302
ENSG00000175376,0.44273818958330496
ENSG00000139641,0.5946830985131143
ENSG00000181704,0.47396033439914786
ENSG00000141556,0.6485059767611426
ENSG00000044574,0.5357749630080889
ENSG00000151413,0.6147136464438019
ENSG00000164284,0.5399668474919063
ENSG00000023191,0.5350656109494241
ENSG00000198730,0.4972219457219439
ENSG00000136933,0.48675282369267675
ENSG00000141068,1.0310161674093743
ENSG00000168904,0.6096831156737069
ENSG00000182253,1.2519080523950386
ENSG00000183020,0.5221048894878797
ENSG00000146576,0.5519041373859327
ENSG00000099769,1.64455355972919
ENSG00000100522,0.6392975989439493
ENSG00000175518,1.3470661340767849
ENSG00000175390,0.5900307745644606
ENSG00000144381,0.5694756025316439
ENSG00000163462,1.11393926993807
ENSG00000112851,0.5185513238694814
ENSG00000179950,0.6401807525609345
ENSG00000072958,0.6043049066540694
ENSG00000253873,1.716699744953083
ENSG00000106443,0.7180334046234392
ENSG00000089685,1.0003880131266918
ENSG00000132837,1.1046215854941952
ENSG00000123908,0.7370595524544216
ENSG00000092330,0.530562649017215
ENSG00000130396,0.7743656366688089
ENSG00000185651,0.5501556542838066
ENSG00000139625,0.8889866809907603
ENSG00000110713,0.5446287444665323
ENSG00000105204,0.8134189265940838
ENSG00000130021,0.7860550547280244
ENSG00000128059,0.5937547522305605
ENSG00000186767,0.918998031055546
ENSG00000148842,0.649194465585092
ENSG00000180071,2.067530611892798
ENSG00000165527,0.6054625761933939
ENSG00000144369,1.3408187183569724
ENSG00000180938,0.8130354142694166
ENSG00000139668,0.7751117586124918
ENSG00000198569,1.7661661275936624
ENSG00000169718,0.5875018978826562
ENSG00000143514,0.666590615642067
ENSG00000087842,1.038007900573457
ENSG00000175643,0.837048081741878
ENSG00000109180,0.5471350953495655
ENSG00000112294,0.8040367532753713
ENSG00000127022,0.5813471113840532
ENSG00000171302,0.597651105999545
ENSG00000087206,0.4823393949663643
ENSG00000141378,0.6158066232756769
ENSG00000184009,0.5453702148111496
ENSG00000121864,0.5113618142954645
ENSG00000187601,0.9338141804784472
ENSG00000205356,0.6554394605987749
ENSG00000170631,0.6073503910284626
ENSG00000136950,0.5574462506210259
ENSG00000092020,0.5508516766835069
ENSG00000117602,0.7317644661817404
ENSG00000198040,0.7826102242299653
ENSG00000183340,0.7554887168392046
ENSG00000145700,1.1417133245727988
ENSG00000100442,0.6861957342293675
ENSG00000100911,0.7995374721257467
ENSG00000128039,1.0028501471379647
ENSG00000181991,0.5642098374027447
ENSG00000213585,0.5283589197109295
ENSG00000157326,0.7014591652932106
ENSG00000120705,0.47883702706078174
ENSG00000196407,1.3016853374594646
ENSG00000013561,0.5287802067920809
ENSG00000130826,0.5283602787486625
ENSG00000100982,0.5376060189826011
ENSG00000163762,0.7939409526617267
ENSG00000183475,0.5283649190366962
ENSG00000169660,0.71767400995558706
ENSG00000101391,0.4731411287814813
ENSG00000187942,1.1178554817765889
ENSG00000239920,1.2324718783822521
ENSG00000107175,0.5627053103069369
ENSG00000174516,0.605837142009009
ENSG00000181852,0.5000654132809894
ENSG00000168778,0.881860953979874
ENSG00000247626,0.49829950545200274
ENSG00000163516,0.6358423310498087
ENSG00000078699,0.6494565500696311
ENSG00000174306,0.8164055177751839
ENSG00000108588,0.5694587820419768
ENSG00000172037,0.7743569579625498
ENSG00000137500,0.5895187008597353
ENSG00000166411,0.7898180075660922
ENSG00000162368,0.5368908383834042
ENSG00000132846,0.8447215421380742
ENSG00000168496,0.6396370773520998
ENSG00000174292,0.7051067129189998
ENSG00000110108,0.4851843432879486
ENSG00000116809,0.5823956756089235
ENSG00000155868,0.536789191760554
ENSG00000170113,1.4316841313242819
ENSG00000104522,0.7510960316457821
ENSG00000139985,1.593740343865463
ENSG00000139540,1.5633500228007664
ENSG00000131153,0.8886197826333508
ENSG00000134851,0.6942347084060787
ENSG00000129219,0.6976141535957572
ENSG00000183048,0.7459493374593864
ENSG00000127511,0.7689770593248072
ENSG00000160602,0.816918452755402
ENSG00000147684,0.8870775728101152
ENSG00000164535,0.5577173438208352
ENSG00000109107,1.5608154971172257
ENSG00000006611,2.083956296753488
ENSG00000170653,0.5590129577403717
ENSG00000105245,0.8094936216095947
ENSG00000214654,1.0226876343259779
ENSG00000167363,0.8126504650936259
ENSG00000167862,0.6583755537217404
ENSG00000107719,1.0078696543608936
ENSG00000157954,0.49400133527488055
ENSG00000179886,0.7449769730176231
ENSG00000130193,0.9177334773499964
ENSG00000162482,1.1641228022147365
ENSG00000171206,0.6695547427446694
ENSG00000175826,0.47163035970945566
ENSG00000102390,0.464686784661902
ENSG00000101343,0.5128169298934462
ENSG00000086232,0.5106757895702234
ENSG00000204764,0.8721322060182964
ENSG00000114923,1.062888744186039
ENSG00000166002,0.9533278975696055
ENSG00000066117,0.6034960954274109
ENSG00000128228,0.860139762594166
ENSG00000165644,1.0574236955410672
ENSG00000262814,0.8505686764375395
ENSG00000166165,1.371389048947587
ENSG00000102119,0.5811003284736526
ENSG00000185624,0.6371568891154499
ENSG00000197024,0.5959229562500743
ENSG00000145247,0.7527969104388537
ENSG00000169992,0.9458785285830026
ENSG00000177042,0.6800496695020355
ENSG00000158104,1.4406044244724558
ENSG00000101079,0.5667450233092511
ENSG00000011021,0.7956822140875127
ENSG00000113163,0.6300710122506309
ENSG00000100883,0.4354316237252122
ENSG00000141574,1.7250100527235872
ENSG00000168026,0.970808037489695
ENSG00000165118,0.5790980087874991
ENSG00000115274,0.8476258968279327
ENSG00000102081,0.7044733073864294
ENSG00000177951,0.46897813459498683
ENSG00000165389,0.6651221842244511
ENSG00000136144,0.6618938381586572
ENSG00000117899,0.5255357352906266
ENSG00000102172,0.6503145314407096
ENSG00000176108,0.5924469747873514
ENSG00000124391,1.7046613625498845
ENSG00000167525,1.0836714694588865
ENSG00000184840,0.5756546811802143
ENSG00000182325,0.792025884205852
ENSG00000213563,0.6966949060714749
ENSG00000131844,0.6710131825093062
ENSG00000115977,0.793331980283109
ENSG00000140479,1.653095451890342
ENSG00000183060,0.7100158566614054
ENSG00000059915,1.2743819643765084
ENSG00000169446,0.6314807160272438
ENSG00000180425,0.8646477044111044
ENSG00000094755,2.0025134995944884
ENSG00000166886,0.6490789467035931
ENSG00000139921,0.6109924725690592
ENSG00000185158,0.5755165570216159
ENSG00000166575,0.5311913729298812
ENSG00000177459,1.5453523421549833
ENSG00000084731,1.004536423692879
ENSG00000182220,0.5924388000046344
ENSG00000139636,0.6245471693734203
ENSG00000170881,0.675689850437218
ENSG00000179526,0.6306918280530296
ENSG00000146350,0.7973562382646613
ENSG00000039319,0.6565288937413298
ENSG00000187778,0.46586694013230007
ENSG00000149196,0.6395401535215061
ENSG00000169084,0.7653080996297282
ENSG00000146574,0.7077077177047706
ENSG00000180785,1.1460648447490853
ENSG00000187325,0.8249385909762607
ENSG00000106415,0.8353181597631412
ENSG00000129480,0.9003674186912587
ENSG00000185615,2.1570215864063074
ENSG00000182768,0.6678418336950187
ENSG00000113194,0.4980629721746666
ENSG00000134058,0.5683742929305
ENSG00000203952,1.651595326076079
ENSG00000171204,0.63174725465126
ENSG00000170509,1.253437976248601
ENSG00000198088,1.2665661679233746
ENSG00000109184,0.6144296909492297
ENSG00000163412,0.9217392314292473
ENSG00000170471,0.5977722963212685
ENSG00000164983,0.6882146076884168
ENSG00000156831,0.7067517271935556
ENSG00000102174,1.3859999861402799
ENSG00000135917,1.7938873510523239
ENSG00000150316,0.5962401765089271
ENSG00000196123,0.8948615646856423
ENSG00000181038,0.566957386067019
ENSG00000182446,0.5640707893904761
ENSG00000188021,0.5480158959038697
ENSG00000164754,0.5971635701140522
ENSG00000140943,0.4939720339453922
ENSG00000095209,1.1079386075572342
ENSG00000173914,0.43258919329367335
ENSG00000171100,0.8596658161806268
ENSG00000146700,1.1508333475372792
ENSG00000092978,0.5739509927103013
ENSG00000142675,0.7572276191593942
ENSG00000004779,0.653133908989625
ENSG00000124523,0.5929213351609827
ENSG00000060069,0.6327271697203195
ENSG00000164631,0.5779704071967313
ENSG00000164880,0.7712052784560716
ENSG00000136897,0.573330774680837
ENSG00000123472,0.5602062574239818
ENSG00000188917,0.6067593684852532
ENSG00000090097,1.0084101074912024
ENSG00000048140,0.5493269974194306
ENSG00000187079,0.8603936950643298
ENSG00000170037,0.5719929593323643
ENSG00000205542,0.9087354509850315
ENSG00000161179,0.7080794843500177
ENSG00000116668,0.5602098272172581
ENSG00000181284,0.7163491950932969
ENSG00000163950,0.6522678973860261
ENSG00000140157,0.6182798323937541
ENSG00000123143,0.7519857552570187
ENSG00000119421,0.6257989849835949
ENSG00000006715,0.5128765341903393
ENSG00000146007,0.47991472274628466
ENSG00000174915,0.6004112681652791
ENSG00000259494,0.6071474274794527
ENSG00000170540,0.5964758533500268
ENSG00000069345,0.5025639303323298
ENSG00000138111,0.884397404326006
ENSG00000147164,0.451163898241851
ENSG00000136379,0.7497633583983964
ENSG00000123700,0.9812018552471546
ENSG00000131067,0.8526052712351498
ENSG00000041357,0.596005068622516
ENSG00000124486,0.6844384356138944
ENSG00000182791,1.1494750883405922
ENSG00000131174,0.8753683482791479
ENSG00000183807,1.1051677879332389
ENSG00000102893,0.6131430514267151
ENSG00000111271,0.6393953561419703
ENSG00000070047,0.7067831634141523
ENSG00000103355,3.2887316080370494
ENSG00000166762,1.2200101529099636
ENSG00000179958,0.703895834952579
ENSG00000196584,0.8090774828902628
ENSG00000197021,0.6133689405816315
ENSG00000067533,0.600432063136126
ENSG00000092010,0.751447117240194
ENSG00000135632,0.45401167701143685
ENSG00000230797,0.8082942805996326
ENSG00000176853,0.6172814479961524
ENSG00000112312,0.8588687759911845
ENSG00000157895,0.536038189328978
ENSG00000136868,0.7178373922345153
ENSG00000215529,1.6443974433030648
ENSG00000168264,0.5447266573735339
ENSG00000185442,0.9741497919304848
ENSG00000015475,0.7718268368365044
ENSG00000102531,0.675448833600085
ENSG00000157600,0.6904349122343837
ENSG00000119523,0.5392532213943021
ENSG00000163053,1.0359752597364114
ENSG00000059758,0.5564731447299548
ENSG00000155229,0.5978469081707967
ENSG00000133195,0.7629382377269602
ENSG00000148153,0.4965416010290586
ENSG00000065833,1.0910029143186764
ENSG00000169087,0.600969431299391
ENSG00000157368,1.3673294073393125
ENSG00000166987,0.7445987700503548
ENSG00000135002,0.7100832605865841
ENSG00000178252,0.7704073176895686
ENSG00000144362,0.6438893256396498
ENSG00000165244,0.8503771124536957
ENSG00000178719,0.6711690002337622
ENSG00000248592,1.277076585592657
ENSG00000075856,0.5203309170589038
ENSG00000153914,0.5872768262387047
ENSG00000040633,0.4637310358850387
ENSG00000101843,0.5170466330903981
ENSG00000129292,0.6331984394082071
ENSG00000029993,0.7496723039327695
ENSG00000067191,0.8767913744620124
ENSG00000109220,0.579062269409534
ENSG00000111913,1.1892932762097335
ENSG00000102144,0.6659211280034102
ENSG00000143365,1.6199399548347682
ENSG00000179912,0.5483012617101862
ENSG00000166484,0.5473627860551552
ENSG00000185608,0.6764427897282664
ENSG00000102057,1.2369168817501697
ENSG00000166924,1.4618519271167014
ENSG00000049618,0.5727014452423147
ENSG00000110801,0.5040944613043883
ENSG00000160961,0.8352891525346539
ENSG00000166965,0.6671076644910483
ENSG00000198707,0.8167538343163264
ENSG00000144589,0.6686175324073829
ENSG00000215041,0.7141364059974598
ENSG00000174547,0.6596517304524889
ENSG00000102054,0.6131340706275259
ENSG00000067715,1.6122685409428665
ENSG00000145907,0.44455704692533177
ENSG00000104915,0.7060245558753678
ENSG00000147224,0.5420764907812518
ENSG00000146072,0.9098048010936518
ENSG00000167524,1.0468831983858122
ENSG00000244045,0.6067255453616054
ENSG00000171421,0.749224735131602
ENSG00000196155,1.3076055845599828
ENSG00000087095,0.6199665079743832
ENSG00000165917,1.874333177235774
ENSG00000145740,0.46742729410930217
ENSG00000123131,0.7313478034417473
ENSG00000167881,0.4697748295258848
ENSG00000188938,0.5273723488245747
ENSG00000136051,0.5571585919710551
ENSG00000115221,1.810251206395423
ENSG00000153317,0.6878006447052756
ENSG00000169727,0.5132630276813889
ENSG00000147654,0.7315283611924399
ENSG00000145817,0.49784712732471215
ENSG00000009950,1.712183039348008
ENSG00000071553,0.6273447094918086
ENSG00000110921,0.6168951933873223
ENSG00000105127,0.5802816635071457
ENSG00000107882,0.6457536036998999
ENSG00000179071,1.132732765873774
ENSG00000180921,0.9105485235232527
ENSG00000080845,0.5379923753644615
ENSG00000111361,0.4865530787682081
ENSG00000225556,0.9277435661681934
ENSG00000151148,0.5563401617143796
ENSG00000168439,0.4691648875139172
ENSG00000177963,0.4657943087844658
ENSG00000126767,0.6142166629884377
ENSG00000175305,0.9563177571615087
ENSG00000134864,0.7558103261465924
ENSG00000132561,1.1366292514306913
ENSG00000101901,0.5853548210842037
ENSG00000089091,0.8337965841860734
ENSG00000104472,0.6418041028789292
ENSG00000086061,0.552587442367724
ENSG00000179774,1.277729755761795
ENSG00000183605,0.5840696557465583
ENSG00000136643,0.5662869383232341
ENSG00000156535,1.4521720073902418
ENSG00000131724,0.7607911228511746
ENSG00000163220,2.1380935538486265
ENSG00000101134,1.7193326733028078
ENSG00000166164,0.5167125831233479
ENSG00000175634,0.49838810496522634
ENSG00000164828,0.6616860751744524
ENSG00000196943,0.6966799008800081
ENSG00000011451,0.6946429190730936
ENSG00000167863,0.7551557760787293
ENSG00000072609,0.6387394274316137
ENSG00000127483,0.5699290107574688
ENSG00000141179,0.8947094500031048
ENSG00000171357,1.1786228629158544
ENSG00000177663,0.7333476176617268
ENSG00000185513,1.0907148246289586
ENSG00000196458,0.8431179542804614
ENSG00000086666,0.5261844842029839
ENSG00000198482,0.6679971679885193
ENSG00000088356,0.6426112357669983
ENSG00000108839,0.9013058953120916
ENSG00000174780,0.4856658523251066
ENSG00000150977,0.6718172220945746
ENSG00000107816,0.5513850526359282
ENSG00000076641,0.9823169586429064
ENSG00000012174,0.586452333341107
ENSG00000139697,0.5701896878378232
ENSG00000136152,0.588486599200876
ENSG00000215193,0.5986106008483729
ENSG00000137509,0.6374384601858946
ENSG00000178372,2.8820244472956267
ENSG00000188687,0.9936092003969539
ENSG00000179476,0.577845992635155
ENSG00000137492,0.7174229842186342
ENSG00000166938,0.6299541956155676
ENSG00000102786,0.596352837823709
ENSG00000008256,0.7637393571176305
ENSG00000101337,0.5219694900525879
ENSG00000071894,0.6365449026862351
ENSG00000072195,1.4224604936476883
ENSG00000161542,0.5224470856372713
ENSG00000206140,0.9756304857441795
ENSG00000103174,0.621058506832567
ENSG00000164825,2.5726901469250736
ENSG00000180964,0.6021376932810159
ENSG00000181026,0.6921609341023328
ENSG00000173531,1.1708583186822918
ENSG00000196150,0.7227066950244546
ENSG00000100908,0.7835428615916635
ENSG00000042832,1.527685462325606
ENSG00000136875,0.5662208026785345
ENSG00000075539,0.6127420437354995
ENSG00000117713,0.6749035474511541
ENSG00000081760,0.6412581267435533
ENSG00000168234,0.7703844872026713
ENSG00000198205,0.6649751596474084
ENSG00000171202,0.7134618378492981
ENSG00000145919,0.6259170398315045
ENSG00000166685,0.5915036675819229
ENSG00000205359,1.6478064959107874
ENSG00000014919,0.4990886543977658
ENSG00000197363,0.7807405445171417
ENSG00000166557,0.7022453686805518
ENSG00000168916,1.0060668540456688
ENSG00000185803,0.6944104946115032
ENSG00000188293,2.118834153173955
ENSG00000175606,0.5968628149153078
ENSG00000025772,0.6341502300363218
ENSG00000120833,1.0573735175911703
ENSG00000130939,0.6695420277945681
ENSG00000134574,0.6372714126986918
ENSG00000136238,0.4889136322572882
ENSG00000196465,0.7501102053826983
ENSG00000025293,0.4419730117594623
ENSG00000166004,0.7339537569075824
ENSG00000240445,0.9902879777232392
ENSG00000175229,3.0369789112511594
ENSG00000142330,0.6797232762802651
ENSG00000150471,2.128513822513835
ENSG00000130304,0.8318924311555215
ENSG00000170049,1.0691241594106808
ENSG00000137285,2.835816069411291
ENSG00000171155,0.5997194883367208
ENSG00000008300,1.1041798522804889
ENSG00000162390,1.0502622405436781
ENSG00000188706,0.6140152055675131
ENSG00000169180,0.45929669032149645
ENSG00000175395,0.6435404468509425
ENSG00000149357,0.5527489980292944
ENSG00000118298,1.1651757341591042
ENSG00000082512,0.8501450213019885
ENSG00000112149,0.7385235980651563
ENSG00000187867,1.6792080718071707
ENSG00000184216,0.8226969591210034
ENSG00000130518,1.5940257407405343
ENSG00000088280,0.8799237824212427
ENSG00000184209,0.5042812756049104
ENSG00000108474,0.6281921418607018
ENSG00000143437,0.5438558439931281
ENSG00000141524,0.7954623530317638
ENSG00000170837,1.2651812240090055
ENSG00000079819,1.0264551286448105
ENSG00000130173,0.9479893364068847
ENSG00000148248,0.5427034440744068
ENSG00000182749,0.7557179815843601
ENSG00000122008,0.6199076864590511
ENSG00000076513,0.7746950020017652
ENSG00000069998,0.6267785319983011
ENSG00000140839,2.1117922628407384
ENSG00000101187,1.5429839199582136
ENSG00000130935,0.5212784422639025
ENSG00000123159,0.6632128507135086
ENSG00000160948,0.6884508576223134
ENSG00000169813,0.47930680355117206
ENSG00000132541,0.7378403437123988
ENSG00000182108,1.0899117238039058
ENSG00000177192,0.5626603929311186
ENSG00000110925,0.5761398911044059
ENSG00000174672,1.898389206250443
ENSG00000148690,0.6062167978991084
ENSG00000203667,0.8893110041550888
ENSG00000140416,0.8271215254821915
ENSG00000243696,1.2848447894113353
ENSG00000153294,1.7870843788392312
ENSG00000119318,0.5012344921474405
ENSG00000072501,0.7020795400369833
ENSG00000166803,0.9811041939228441
ENSG00000198455,0.588782654296518
ENSG00000133812,0.6023503250783034
ENSG00000089094,0.6032278728745939
ENSG00000143847,1.3678366980032644
ENSG00000103091,0.5929433588513552
ENSG00000196220,0.8428632772354876
ENSG00000109046,0.798078206671233
ENSG00000152684,0.5322284742072971
ENSG00000135119,0.9444720382384484
ENSG00000197620,0.6436065111673714
ENSG00000076864,1.202450990302258
ENSG00000115041,1.327606483138339
ENSG00000099331,0.7482789716817579
ENSG00000055483,0.6164823040001849
ENSG00000149564,0.6869866606256926
ENSG00000130560,0.5191796116145643
ENSG00000103227,0.8580702502829349
ENSG00000136463,0.5675221125937667
ENSG00000162461,1.2192280095895935
ENSG00000011009,0.6118015159367105
ENSG00000113966,0.7130933441013215
ENSG00000111011,0.44966253142755475
ENSG00000017260,0.5257052220497459
ENSG00000140374,0.6228470009541832
ENSG00000134318,0.5784707326427113
ENSG00000055955,1.2024951043607033
ENSG00000136628,0.5203044108988037
ENSG00000168612,0.48469326789090084
ENSG00000172765,0.500083496404889
ENSG00000189045,1.3351155896468554
ENSG00000205423,0.5658712271596628
ENSG00000174446,0.5547775694461826
ENSG00000205981,0.6153086965757439
ENSG00000165886,0.7344632906825084
ENSG00000198003,1.4723350905797823
ENSG00000149257,0.6972114795996882
ENSG00000183971,1.8499301474022116
ENSG00000166349,1.0878098625708441
ENSG00000120800,0.636957941181831
ENSG00000176915,0.5702834940905855
ENSG00000004139,0.9310564800722688
ENSG00000101470,1.3310306678195982
ENSG00000099999,0.659084478103659
ENSG00000120509,0.609736376699859
ENSG00000167535,0.7726421643952495
ENSG00000141527,1.1255170511577903
ENSG00000206535,0.9577224926983839
ENSG00000116691,0.5835749781280412
ENSG00000135336,0.6623122954206506
ENSG00000185813,0.6874049379489129
ENSG00000131828,0.659059949339839
ENSG00000134070,1.3754201944502076
ENSG00000167792,0.5347976803956744
ENSG00000143178,0.807708700778101
ENSG00000166847,0.5161121416608165
ENSG00000165283,0.5980952417298807
ENSG00000142082,0.5407959090069249
ENSG00000080189,0.5045390498683261
ENSG00000169895,0.5863299522281963
ENSG00000173662,1.6285820251365402
ENSG00000225828,0.8816683794895503
ENSG00000178921,0.6572429439138218
ENSG00000069329,0.4886081173968579
ENSG00000161533,0.5749537126384364
ENSG00000107819,0.7914587438138344
ENSG00000214402,2.2188808196876058
ENSG00000166377,0.6273258866702244
ENSG00000189108,1.6328477781471495
ENSG00000203499,1.0801305465530433
ENSG00000164576,0.5563081433937426
ENSG00000009335,0.5815402894541111
ENSG00000235173,0.7063997900230135
ENSG00000258472,0.9250018297994455
ENSG00000244187,0.8808332070523218
ENSG00000166503,0.90780102585136
ENSG00000109182,2.063780992549086
ENSG00000198380,0.5295898826167272
ENSG00000132510,0.7795703299255012
ENSG00000138386,0.7695719173925862
ENSG00000176595,1.6673655770044302
ENSG00000198833,0.5303489463776551
ENSG00000150779,0.805888938006046
ENSG00000163913,0.7108723392115058
ENSG00000185298,0.5893999982511606
ENSG00000104529,0.6861499147932248
ENSG00000127838,0.583293015763449
ENSG00000184281,0.5017845169911813
ENSG00000164048,0.7766772617239444
ENSG00000146281,0.7902254698066729
ENSG00000170085,0.6151393023058468
ENSG00000164331,0.5793261051184252
ENSG00000141522,0.5560440237850963
ENSG00000130713,0.4987730770165465
ENSG00000100979,1.0143385882142633
ENSG00000120526,0.6250585064214431
ENSG00000167552,1.135401170099547
ENSG00000155980,2.006387600217782
ENSG00000215421,0.7005216289349222
ENSG00000157322,1.8444997443592448
ENSG00000133131,0.8376316059600601
ENSG00000174851,0.5808443214774757
ENSG00000074054,0.6212764068055431
ENSG00000177098,1.213801661314321
ENSG00000158815,2.7528415804236777
ENSG00000014164,0.6178378008509589
ENSG00000125352,0.556465324536649
ENSG00000148985,0.5623074778576659
ENSG00000091651,0.7955068690035588
ENSG00000154305,0.5364247457056829
ENSG00000175084,2.0219480381754975
ENSG00000113391,0.5994901055235367
ENSG00000185730,0.6678927691665227
ENSG00000107821,1.7584576171884567
ENSG00000152253,0.9345200073454516
ENSG00000133789,0.6116758231778415
ENSG00000170315,1.443178169698813
ENSG00000130066,1.0368083276391835
ENSG00000136161,0.8039877572568715
ENSG00000100526,0.9960640177760693
ENSG00000160113,0.7863927246891235
ENSG00000182095,0.9263403228553952
ENSG00000149231,0.5988086115092589
ENSG00000065615,0.7236172326977668
ENSG00000120868,0.7737884698589264
ENSG00000182054,0.7866737188999283
ENSG00000054523,0.7464880900046779
ENSG00000026652,0.9983828492441758
ENSG00000204161,1.2702787980558203
ENSG00000136213,0.5706266123075028
ENSG00000213949,0.8344000171944408
ENSG00000185163,0.620611867592688
ENSG00000196233,0.6291697816361381
ENSG00000078304,0.4490123091485322
ENSG00000184983,0.7110858965109763
ENSG00000179532,1.1096788102993913
ENSG00000110171,0.6200248695601995
ENSG00000204370,0.7095933896100198
ENSG00000164039,0.6875619108557506
ENSG00000106404,0.9647585680427063
ENSG00000213923,0.5770968437628217
ENSG00000090470,0.5304106284694642
ENSG00000165490,0.815599819285927
ENSG00000155330,0.671359794506959
ENSG00000056586,0.5634512661705767
ENSG00000131263,0.4772240378813515
ENSG00000157107,0.6582806192124123
ENSG00000143376,0.5250392547686875
ENSG00000109079,0.6455935620224001
ENSG00000167085,0.575980185756479
ENSG00000145730,1.047600582995643
ENSG00000236782,1.0710404586747737
ENSG00000254726,1.2765590123029522
ENSG00000133193,0.5290903836188952
ENSG00000081320,0.9572708600664281
ENSG00000140279,1.6674969723612705
ENSG00000183914,1.8380422029050414
ENSG00000158062,0.7837256334094406
ENSG00000135046,1.1633994707705833
ENSG00000135093,0.5828577115566363
ENSG00000155792,1.2109266361810773
ENSG00000236287,0.5469810877109385
ENSG00000168734,0.7471820479653443
ENSG00000099377,0.937556320308103
ENSG00000155660,0.6399263869615366
ENSG00000196260,2.321566871858382
ENSG00000185947,0.571710530827678
ENSG00000067829,0.6066724402513639
ENSG00000135406,1.5634898308186507
ENSG00000101350,0.5627811979994222
ENSG00000166037,0.5478047960969622
ENSG00000135018,0.4822715277270384
ENSG00000258986,1.9915613071816867
ENSG00000162994,0.8960217088787592
ENSG00000141401,0.8289860879934209
ENSG00000033627,0.6184407990184134
ENSG00000011275,0.5698067615655596
ENSG00000130294,2.754406748435763
ENSG00000127585,1.4221756009394624
ENSG00000188343,0.6788971046293215
ENSG00000114841,1.0631663294550107
ENSG00000003987,1.114018004749944
ENSG00000164978,0.780812237922025
ENSG00000162618,0.8116240997449509
ENSG00000109743,1.3804070548979437
ENSG00000100528,0.6195744734340191
ENSG00000186908,0.5989232391125754
ENSG00000197006,0.535230457431605
ENSG00000087510,1.5161134575967956
ENSG00000186648,1.4043637466774521
ENSG00000075618,1.1752323495430277
ENSG00000167566,0.7082205200943646
ENSG00000169762,0.5934516556712954
ENSG00000184677,0.7087824465926452
ENSG00000188612,0.5448497670864054
ENSG00000126603,0.9742280615537717
ENSG00000136856,0.6439980592714459
ENSG00000143546,2.208267797955542
ENSG00000136827,0.4332560757981899
ENSG00000106633,2.1884074690904427
ENSG00000076067,0.6621881037309367
ENSG00000046647,0.7090213678384982
ENSG00000157349,0.4918686074766976
ENSG00000221947,1.6083694743073895
ENSG00000106144,0.5164977080748133
ENSG00000150455,0.7491610594549516
ENSG00000108262,0.5923514806279341
ENSG00000226979,1.3924938918544814
ENSG00000139178,0.8069011878650004
ENSG00000090263,0.7480958651029904
ENSG00000187566,1.039357620147165
ENSG00000124181,0.8946478575567569
ENSG00000166317,1.3108738560583217
ENSG00000010322,0.7285675390170958
ENSG00000188051,1.616056099157437
ENSG00000169188,0.524621299579449
ENSG00000221886,0.730147878534646
ENSG00000240230,0.7195474077842305
ENSG00000124275,0.6000152721151241
ENSG00000196542,2.021763682821251
ENSG00000151327,0.5234287278039348
ENSG00000167612,2.1543627989193856
ENSG00000198677,0.5492228971422102
ENSG00000105929,1.5956206911928776
ENSG00000072778,0.657938944399562
ENSG00000155393,0.5397225473718966
ENSG00000196090,2.9042329248998033
ENSG00000074266,0.5508926975326608
ENSG00000115548,0.5137597146977684
ENSG00000130741,0.5569823545343021
ENSG00000158161,0.5728649858494089
ENSG00000101342,0.8939627054443965
ENSG00000204991,1.2273214441089617
ENSG00000090686,0.5139075850089584
ENSG00000170584,0.6103222048716619
ENSG00000203546,0.9382751532131164
ENSG00000131711,1.3190210107563463
ENSG00000105176,0.7929774648490432
ENSG00000117280,0.786028237205305
ENSG00000077721,0.5630615583747254
ENSG00000152926,1.094046388558326
ENSG00000111058,1.4311653937559643
ENSG00000140575,0.7004153004530475
ENSG00000166135,0.601294376113568
ENSG00000160471,1.4887301997061562
ENSG00000122970,0.8328978258617231
ENSG00000105219,1.778651215380319
ENSG00000085511,0.5804213070352846
ENSG00000128185,0.7661802993627059
ENSG00000183145,1.7311319176425357
ENSG00000239704,1.1534375726397812
ENSG00000198843,0.6386072799401354
ENSG00000114853,0.872972997366079
ENSG00000084092,0.575361958923814
ENSG00000132793,0.860855853526085
ENSG00000169962,1.7009770027165432
ENSG00000109089,1.1113129461970594
ENSG00000154803,0.5833413371595105
ENSG00000197283,0.9024715365779334
ENSG00000140612,0.5525154420239597
ENSG00000182670,0.6130912236749384
ENSG00000142751,0.4722125861331543
ENSG00000120279,0.7991568940659874
ENSG00000151014,0.7472204281747294
ENSG00000157335,1.9582168300685725
ENSG00000168569,0.6090879687059854
ENSG00000127527,0.5562018611099149
ENSG00000102393,0.5856952974118189
ENSG00000182180,0.5032150293512809
ENSG00000105866,0.7276228581636639
ENSG00000119471,0.6559740456029267
ENSG00000089053,0.49742833629362143
ENSG00000189184,1.123328910054322
ENSG00000108578,0.659999360534444
ENSG00000088854,0.7861238862559632
ENSG00000171401,2.317983245969871
ENSG00000083312,0.427849515584577
ENSG00000078043,0.6434624173607891
ENSG00000163975,1.194805733081541
ENSG00000239282,0.9636210336078219
ENSG00000089009,0.692586569317789
ENSG00000122512,0.7314126792722347
ENSG00000108443,0.5530450711523224
ENSG00000189376,0.739281054982898
ENSG00000090447,0.6124382042582786
ENSG00000198169,0.6259022314133745
ENSG00000113732,0.6920176343066462
ENSG00000176563,0.9977920360432009
ENSG00000175727,0.7098348905979304
ENSG00000151779,0.6362418234794455
ENSG00000167280,0.8921891398027018
ENSG00000163794,1.1773598617499272
ENSG00000185038,2.442201643806757
ENSG00000139687,0.8525062260375008
ENSG00000147687,0.7272069729229941
ENSG00000172530,0.45485183529474704
ENSG00000246705,1.0701460948048542
ENSG00000168672,0.8594047693066651
ENSG00000131943,0.8625761837791361
ENSG00000138439,0.7509827090417238
ENSG00000040933,0.5821549683677841
ENSG00000166024,0.649498078610856
ENSG00000259224,1.1568993409790431
ENSG00000074855,0.9506789745940071
ENSG00000258839,1.0129519338600792
ENSG00000140577,0.6179918748037588
ENSG00000099910,0.6950607181415729
ENSG00000177943,1.3564592725377385
ENSG00000140534,0.9874054356523952
ENSG00000162065,0.7941997593984382
ENSG00000168096,0.6711093629661116
ENSG00000112308,0.5425571321181448
ENSG00000120693,1.0654646294695813
ENSG00000059588,0.7666477771800012
ENSG00000233198,1.8441694535879951
ENSG00000090857,0.8305442930863602
ENSG00000018625,2.207605929137633
ENSG00000012822,0.6560912152282091
ENSG00000135482,0.5093223884623084
ENSG00000130363,0.6385982480204361
ENSG00000143512,1.9113392844307984
ENSG00000172893,0.7000786858166632
ENSG00000071889,0.6075964413214309
ENSG00000101986,0.7703549620223226
ENSG00000143320,1.4119708762697019
ENSG00000169744,0.9132491677979658
ENSG00000139433,0.5936917069017145
ENSG00000154832,0.5708765805819708
ENSG00000196459,0.6214793864242708
ENSG00000129245,0.5690667630581803
ENSG00000151790,1.8675025361972089
ENSG00000160117,1.6130536881404733
ENSG00000004142,0.5433914133493984
ENSG00000172531,0.5050679066704135
ENSG00000111725,0.6229333790517231
ENSG00000101104,1.2216148039006451
ENSG00000077454,0.7172895753998033
ENSG00000108179,0.7324587227194083
ENSG00000163655,0.494180255088251
ENSG00000131899,0.7348978705682252
ENSG00000198961,0.5481481717431893
ENSG00000187048,2.291630256281521
ENSG00000123815,0.727141369014614
ENSG00000141568,0.5605661423485819
ENSG00000124795,0.7205573348944483
ENSG00000143434,1.1977917063542818
ENSG00000168811,1.6683120272196583
ENSG00000187997,1.4843883876682369
ENSG00000131653,0.617156102426975
ENSG00000114455,1.7336354748035845
ENSG00000104341,0.7955712830562648
ENSG00000060656,1.1277162754630117
ENSG00000124120,0.621772443000064
ENSG00000073921,0.5277703907694298
ENSG00000176381,2.1222178714805335
ENSG00000005700,0.6049161790844191
ENSG00000253304,1.4027877962501494
ENSG00000176435,0.6909121738268512
ENSG00000125450,0.5304727093387804
ENSG00000170801,1.660247668858007
ENSG00000139269,1.8934676287378571
ENSG00000244274,0.9302236328865806
ENSG00000123352,0.7042970902421005
ENSG00000164291,0.6809323609428912
ENSG00000185664,0.8936508567557682
ENSG00000128683,1.7444944105932703
ENSG00000091513,1.522785547962795
ENSG00000106714,2.033081291048472
ENSG00000187837,1.6145226276157607
ENSG00000152422,0.6058267321109295
ENSG00000085365,0.5407293125570244
ENSG00000124588,0.7210989453274513
ENSG00000188760,1.2676303320887465
ENSG00000113648,0.49502981072749697
ENSG00000089123,0.5228170231913071
ENSG00000089234,0.47412965473882657
ENSG00000060140,1.4192048573734144
ENSG00000162391,1.1851142687296456
ENSG00000134215,2.1745824723976455
ENSG00000137135,0.8913383671059844
ENSG00000138002,0.6464320408803037
ENSG00000085840,0.8832825165291212
ENSG00000137496,0.900940426066842
ENSG00000163125,0.6282090847901263
ENSG00000137310,0.8456203060525641
ENSG00000150687,1.198584853729552
ENSG00000188732,0.8595970728631859
ENSG00000111181,1.5871477699807657
ENSG00000148120,0.8927988724756716
ENSG00000132842,0.5005087409854803
ENSG00000147155,0.9298575335879801
ENSG00000138834,0.8978607890342548
ENSG00000174606,0.5329257848774305
ENSG00000166016,1.1619002269618721
ENSG00000125967,0.7900537578045699
ENSG00000139645,0.7826555868561317
ENSG00000108679,0.7525752903509549
ENSG00000131044,1.5478313260203707
ENSG00000196510,0.5222735510376457
ENSG00000171848,0.9282107062547309
ENSG00000214357,0.9376514916282875
ENSG00000111348,1.052269494880765
ENSG00000066629,1.0202290330076063
ENSG00000185344,0.5951090895348813
ENSG00000171824,0.5591995777135196
ENSG00000128656,1.1271351949955546
ENSG00000113318,0.6177558255492404
ENSG00000048162,0.649948387859773
ENSG00000105270,1.1851933765663836
ENSG00000168781,0.7728140585731108
ENSG00000154124,0.5500636134859196
ENSG00000115421,0.48536281713646695
ENSG00000119900,0.7652045591313749
ENSG00000259305,0.8830121212602674
ENSG00000037637,0.5161525053103991
ENSG00000142784,0.6383092465595284
ENSG00000149218,0.9384620635282068
ENSG00000136982,0.703412063038328
ENSG00000122779,0.549844749149
ENSG00000165240,0.7006987787567893
ENSG00000080561,1.246134291985123
ENSG00000101109,0.5372419996935841
ENSG00000178980,0.8357156777259092
ENSG00000111802,0.5271834754571953
ENSG00000188191,0.8651608212278672
ENSG00000181191,0.5781775622916561
ENSG00000134444,0.6749274230930643
ENSG00000142676,0.7535895223699666
ENSG00000168038,0.7695684173097999
ENSG00000062716,0.7994110153220348
ENSG00000162654,1.6725037128669924
ENSG00000037241,0.7187276624840756
ENSG00000014138,0.6819112230611756
ENSG00000132906,0.6068437350891249
ENSG00000122679,0.9320700515258616
ENSG00000101888,0.8835793722854138
ENSG00000100479,0.7692146999913487
ENSG00000163939,0.560283649366581
ENSG00000162813,0.6505369441601875
ENSG00000126895,1.8047403448469017
ENSG00000131979,0.8821725287710974
ENSG00000143702,0.7463266020320274
ENSG00000113719,0.6176547715926373
ENSG00000100865,0.5662152160705333
ENSG00000132024,0.77867207543615935
ENSG00000166272,0.6201370741523404
ENSG00000157017,1.0393345813266683
ENSG00000112304,0.5620633826581332
ENSG00000119414,0.43649700905677974
ENSG00000166169,0.5122670638071576
ENSG00000129636,0.574349914624619
ENSG00000164924,0.614976717225024
ENSG00000132840,1.9214395699910134
ENSG00000149761,0.6074713824035635
ENSG00000160703,0.7757696546834508
ENSG00000132294,0.7747318586778137
ENSG00000149328,1.2063290485677634
ENSG00000177885,0.45295146278540727
ENSG00000179348,1.7228662756325337
ENSG00000117266,0.6943887883550209
ENSG00000137601,0.5899372587377121
ENSG00000166260,0.5492412253350086
ENSG00000150768,0.6017972292788132
ENSG00000188690,0.5966016113386036
ENSG00000124251,0.8976711979523938
ENSG00000102030,0.7131943747322671
ENSG00000138246,0.5452145839854807
ENSG00000064201,1.3352565351680954
ENSG00000086712,0.63760112832345
ENSG00000178202,0.8296374141656934
ENSG00000123728,0.5871730352201392
ENSG00000117614,0.4690754638705802
ENSG00000090612,0.6806902510768539
ENSG00000143549,0.40516720234311293
ENSG00000159322,0.504275867317733
ENSG00000155111,0.694098658142623
ENSG00000107815,0.6705792168827029
ENSG00000128973,0.6568538284063891
ENSG00000157766,1.962798687266654
ENSG00000117597,0.5994378264108159
ENSG00000180834,0.7584016494423528
ENSG00000149554,0.7837023384619639
ENSG00000106258,1.0744113073526058
ENSG00000120963,0.6068476709178667
ENSG00000185101,1.1873875618408507
ENSG00000165685,1.4325501785089005
ENSG00000174059,0.826583011237535
ENSG00000102384,0.799001870326265
ENSG00000120337,1.3147770914553276
ENSG00000163704,0.9980810660924967
ENSG00000102309,0.6109009899623367
ENSG00000103160,0.6304161621704425
ENSG00000177169,0.7369691819529856
ENSG00000159214,0.704337294606529
ENSG00000165678,0.659698443430061
ENSG00000197451,0.5820868238357105
ENSG00000114742,0.5080372213895704
ENSG00000185504,0.5783344188649995
ENSG00000206561,1.077183090659598
ENSG00000007392,0.7427958962481706
ENSG00000149313,0.5543529175253429
ENSG00000182484,0.6968036978927526
ENSG00000112695,0.8335609947241781
ENSG00000049883,0.5708303988356499
ENSG00000082701,0.4966191807413571
ENSG00000205832,1.2962540779441711
ENSG00000196911,0.7150098853141936
ENSG00000165704,0.712007264128653
ENSG00000078967,0.5773098721754218
ENSG00000165072,1.1896217062286203
ENSG00000139579,0.5694054284212048
ENSG00000264364,0.5858068674135257
ENSG00000138107,0.528079288203199
ENSG00000104412,0.6241912560369914
ENSG00000119446,0.5149897868189701
ENSG00000203685,1.7608091653425133
ENSG00000124160,0.48778569919979453
ENSG00000141837,1.316976704921463
ENSG00000159958,1.2770667933492081
ENSG00000163946,0.49206316351727986
ENSG00000182580,1.3905799381489066
ENSG00000221946,2.3399141808785977
ENSG00000232810,1.8162338943312184
ENSG00000103249,0.7624335640653012
ENSG00000047634,1.003287972427888
ENSG00000175899,1.0288383726836419
ENSG00000131051,0.4778932684394376
ENSG00000160991,0.689261063669027
ENSG00000205129,1.1204017623049793
ENSG00000135074,1.214609651759175
ENSG00000103184,1.5314786035899275
ENSG00000048028,0.653810618807621
ENSG00000196678,0.7092068551962207
ENSG00000153904,0.8448562986340568
ENSG00000136521,0.6837251666127566
ENSG00000112319,2.664793180551978
ENSG00000141956,0.8186019719397226
ENSG00000122335,0.7412454839630376
ENSG00000181790,2.194368616104879
ENSG00000078902,0.47914114052792994
ENSG00000113070,1.0564028551222557
ENSG00000106009,0.6326925831761766
ENSG00000113013,0.5384005644259263
ENSG00000198805,0.9492260363840277
ENSG00000224420,1.3050806264478725
ENSG00000105379,0.6707795738760951
ENSG00000094804,0.8511298901560015
ENSG00000166997,0.6898743120373916
ENSG00000182628,0.7592605272959358
ENSG00000139651,0.5489883845033425
ENSG00000100592,0.8791724592577831
ENSG00000140553,0.5137912023171748
ENSG00000156469,0.5392041147000162
ENSG00000198920,0.6054556249439935
ENSG00000134258,2.2541448928338763
ENSG00000073578,0.7034847918536061
ENSG00000160410,0.7733126515746002
ENSG00000158480,0.5371625021006274
ENSG00000186480,0.8609409383277675
ENSG00000176896,0.5876778386007256
ENSG00000167371,1.2389119545344187
ENSG00000135503,0.6733254169073113
ENSG00000213186,0.8958874063525807
ENSG00000119396,0.5434668226423235
ENSG00000111664,1.4659732825695282
ENSG00000196071,2.0552134203410777
ENSG00000144063,1.609625991004825
ENSG00000047579,0.5291923606703564
ENSG00000111676,0.7168391444232397
ENSG00000189157,1.1642447949316448
ENSG00000164818,0.6143170093090384
ENSG00000038210,0.6585052395916536
ENSG00000134852,0.62063839717041
ENSG00000065548,0.4458133638730866
ENSG00000188886,1.4890170492765042
ENSG00000177225,0.6303024641263032
ENSG00000049656,0.5635510203185441
ENSG00000094841,0.5019304523566989
ENSG00000129562,0.7039843070611832
ENSG00000188493,0.7180653322224659
ENSG00000135912,0.6885080340125902
ENSG00000186468,0.8196049378525021
ENSG00000234127,0.5805222330858875
ENSG00000130175,0.657846967411911
ENSG00000196476,0.8993310221058677
ENSG00000078401,1.4748164150489436
ENSG00000145715,0.6777275145252039
ENSG00000153086,1.066677073161635
ENSG00000175895,0.8309582685474318
ENSG00000143442,0.692449879982237
ENSG00000077150,0.7035608387138439
ENSG00000163482,0.8620895281148235
ENSG00000175536,0.7933510434033755
ENSG00000059728,0.7106578582631048
ENSG00000160741,0.465273723529461
ENSG00000129437,1.734642458129195
ENSG00000115009,2.2239354942526783
ENSG00000214655,0.7911746160256286
ENSG00000110047,0.5590133942987313
ENSG00000183397,0.9552398498032915
ENSG00000116127,0.7724494778480151
ENSG00000178385,0.7808968367677667
ENSG00000164007,2.927485821394856
ENSG00000107611,1.2106029718216273
ENSG00000182256,2.6201562341515494
ENSG00000103269,1.1941690930526618
ENSG00000169379,0.8585453150239228
ENSG00000078596,1.087069631986527
ENSG00000140471,0.5495673512324116
ENSG00000140481,1.8707121701938965
ENSG00000173991,1.188185229949816
ENSG00000141551,0.4945804161887011
ENSG00000170270,0.733522699128685
ENSG00000184557,1.1544758835762894
ENSG00000114771,1.7994767326089705
ENSG00000171962,1.1262820344035498
ENSG00000172071,0.44452788979502345
ENSG00000166436,0.9902713056414106
ENSG00000099958,1.5169568885639544
ENSG00000162981,1.962046817952568
ENSG00000134996,0.7499248838443602
ENSG00000197183,0.6757465432885809
ENSG00000164916,0.8292134267998231
ENSG00000179776,0.7863385572428137
ENSG00000121274,0.6296664038730672
ENSG00000101367,0.4572880313876155
ENSG00000164961,0.5829621719323673
ENSG00000169562,2.0077737038982213
ENSG00000140600,1.753510473270049
ENSG00000047932,0.5393222512215649
ENSG00000173198,1.5433118472584766
ENSG00000165494,0.5903982185853192
ENSG00000197935,1.0547454938390837
ENSG00000147799,0.7523821335878447
ENSG00000131507,0.4376715494720496
ENSG00000102302,1.148624287851415
ENSG00000255508,0.6317040081788864
ENSG00000185043,0.7290318971600833
ENSG00000141736,0.8203881875525484
ENSG00000107362,0.5457790941631054
ENSG00000131788,0.7566979900616976
ENSG00000235387,1.4508342486518122
ENSG00000119547,2.0053057226992634
ENSG00000186832,2.3791715951590287
ENSG00000106554,0.5137615998419743
ENSG00000147421,0.7556915619599395
ENSG00000182606,0.6188446025403957
ENSG00000181638,0.8033835969016173
ENSG00000198718,0.604450207129749
ENSG00000185436,1.029871493726041
ENSG00000088298,0.5938817800444538
ENSG00000175662,0.7455895318972106
ENSG00000198176,0.6045225706299008
ENSG00000214029,0.8809505581101913
ENSG00000188404,1.538107935283382
ENSG00000224531,0.6329634190752205
ENSG00000124193,0.4421466670596073
ENSG00000161328,1.1352351757324677
ENSG00000151276,0.8876354408979373
ENSG00000196455,0.5234103959032224
ENSG00000183323,0.6437284310055611
ENSG00000156011,1.0195871177279279
ENSG00000086062,0.8400396480844495
ENSG00000197165,1.1002793486483338
ENSG00000182512,0.612964448341523
ENSG00000126467,1.5552041431261485
ENSG00000165879,0.738841279981752
ENSG00000100897,0.529920225676099
ENSG00000185875,0.7668187798099434
ENSG00000143801,0.8901664668656172
ENSG00000130921,0.5169175225002491
ENSG00000113643,0.4878762527312471
ENSG00000166579,0.47021942890041324
ENSG00000196689,0.8428733414905389
ENSG00000100764,0.5015345145391995
ENSG00000139194,1.1210686774857488
ENSG00000183495,0.7821900607696121
ENSG00000184613,1.6075580049418008
ENSG00000147400,0.6906763824987762
ENSG00000168952,1.8304064084413891
ENSG00000171722,1.2377382183138204
ENSG00000114993,0.6243361945022506
ENSG00000135047,0.7478885285298923
ENSG00000119411,0.9908732656780148
ENSG00000157510,1.2948256625804015
ENSG00000126903,0.6918018257057315
ENSG00000197345,0.6869331721348327
ENSG00000215182,2.6439363773729774
ENSG00000085382,0.7484736094881779
ENSG00000134153,0.5763019392378479
ENSG00000166148,1.2942609022460998
ENSG00000135744,2.0206030706825913
ENSG00000172053,0.5058315620854742
ENSG00000102225,0.7173623444254879
ENSG00000104267,1.2648888405788639
ENSG00000173653,0.4783131913971493
ENSG00000184465,0.9325266902400268
ENSG00000007541,0.6256505053964451
ENSG00000179195,0.61093502412573375
ENSG00000157890,1.7608279495284205
ENSG00000184436,0.6102999639639228
ENSG00000128881,0.7010695239596845
ENSG00000175970,0.7814975884700943
ENSG00000130540,1.5462655734236017
ENSG00000095464,1.106786327497956
ENSG00000139364,2.143627639558993
ENSG00000148290,0.6044815782499188
ENSG00000178952,0.4523186621636449
ENSG00000114316,0.5054872036907129
ENSG00000012963,0.5950939861286906
ENSG00000185133,0.9545730840246106
ENSG00000104774,0.7815421081001761
ENSG00000141504,0.7534642956061561
ENSG00000183742,1.6261383602485409
ENSG00000002586,0.8805677532812587
ENSG00000108479,0.6675809988287087
ENSG00000187630,0.778022541819262
ENSG00000130477,1.6619616120334317
ENSG00000182173,0.5690154154086138
ENSG00000180257,0.6515406167348018
ENSG00000213859,0.6468536645243695
ENSG00000001461,0.6705210699402945
ENSG00000115275,0.4533807448842438
ENSG00000054267,0.6681533388293199
ENSG00000005801,0.6751567542785784
ENSG00000164761,1.868987506516475
ENSG00000196177,0.7324127327906184
ENSG00000171631,1.3380504624113405
ENSG00000205364,2.0882810746282194
ENSG00000197081,0.7127691868686048
ENSG00000006756,0.7841505916299655
ENSG00000163956,0.5853564667587222
ENSG00000125846,0.6243932664524195
ENSG00000165195,0.6095863037688877
ENSG00000077097,0.5625534535642317
ENSG00000162972,0.4513825996226483
ENSG00000065357,0.8681720202210088
ENSG00000174749,1.039857497658623
ENSG00000050426,0.6637889204729144
ENSG00000144535,0.5353341963802554
ENSG00000183696,1.1941320699176416
ENSG00000106615,0.6122360246308607
ENSG00000047056,0.6386122683402483
ENSG00000131023,0.5611905366734108
ENSG00000099899,0.5657726466440427
ENSG00000079432,0.8332153309640064
ENSG00000102178,0.586216532282507
ENSG00000095321,1.2630045006525967
ENSG00000003147,0.878170819442534
ENSG00000118873,0.5317120796545425
ENSG00000171045,0.7721895565388441
ENSG00000187531,0.5917361025257745
ENSG00000204856,0.7776661466512383
ENSG00000232859,0.754762213691003
ENSG00000082805,0.7848480709723449
ENSG00000135272,1.3088106929010475
ENSG00000159461,0.5771692790509824
ENSG00000165280,0.5427296618827729
ENSG00000072274,0.9944374596968555
ENSG00000232653,0.9908009432375386
ENSG00000074181,1.0926373049273161
ENSG00000120093,1.8277529630242144
ENSG00000243244,1.1094042704304645
ENSG00000183826,0.7338020944887909
ENSG00000187713,0.5079431156690374
ENSG00000118922,0.8671105244498138
ENSG00000176386,0.5499947020561509
ENSG00000137857,1.5224676454060115
ENSG00000108256,0.550288121212911
ENSG00000144036,0.5620226166988767
ENSG00000101204,2.329742615930878
ENSG00000106536,2.8888937482325034
ENSG00000186998,1.2873398615760498
ENSG00000196531,0.6511171780208707
ENSG00000121594,1.4061933612117257
ENSG00000103148,0.5679736991842467
ENSG00000101346,0.6077256900601784
ENSG00000130830,0.9194532168029438
ENSG00000241058,0.5684096623741188
ENSG00000106524,0.7249038215153251
ENSG00000177030,0.6766386534343993
ENSG00000173933,0.6362206601790971
ENSG00000112787,0.7267594052679088
ENSG00000184831,0.7061342505097297
ENSG00000051596,0.6812843309619385
ENSG00000149179,0.5342384370892747
ENSG00000157554,0.9668979621472055
ENSG00000109083,0.6664035664742467
ENSG00000068305,0.5936789287570833
ENSG00000138449,1.3550784013233586
ENSG00000076003,0.6930799142652159
ENSG00000156218,1.5929123869250201
ENSG00000124177,0.7218562902019297
ENSG00000148795,1.943590436265007
ENSG00000140403,1.1880875639505653
ENSG00000108960,1.1520201145735007
ENSG00000169738,0.8351979560279754
ENSG00000165091,1.674523661356829
ENSG00000171703,0.665056155759123
ENSG00000171236,2.1110449138900584
ENSG00000111199,1.1633189468705365
ENSG00000089163,0.7903310264037599
ENSG00000100372,0.4384345754518789
ENSG00000167210,1.4356410005668319
ENSG00000176340,0.786669876785438
ENSG00000118194,1.8826993951851756
ENSG00000167216,1.0382227800709058
ENSG00000103043,0.54066241392039
ENSG00000148335,0.5704870686704429
ENSG00000069509,0.6512254755047482
ENSG00000139370,0.4696564719136048
ENSG00000157087,1.952040840536152
ENSG00000175283,0.5446662545341769
ENSG00000156873,0.48108533322759084
ENSG00000124194,1.3081605596181816
ENSG00000172889,1.079578196224333
ENSG00000099940,0.5843333856446984
ENSG00000225921,0.5002575675186349
ENSG00000023318,0.5513044925586411
ENSG00000187556,1.191265919113959
ENSG00000145335,1.3672872483394793
ENSG00000185247,3.477484302821122
ENSG00000129559,0.7361568659792649
ENSG00000232119,0.4819416399893726
ENSG00000162645,1.4083014976143566
ENSG00000143106,0.556572001333249
ENSG00000177971,0.6089446264345786
ENSG00000205683,1.7060642266643737
ENSG00000087263,0.4805837342761187
ENSG00000219545,0.6539147945979085
ENSG00000080824,0.5933580242521183
ENSG00000106028,0.6439590355922612
ENSG00000049759,0.8333397008728988
ENSG00000182272,1.2747890021502644
ENSG00000122025,1.4735175965192755
ENSG00000254087,0.8932363098922349
ENSG00000008405,0.622101289499074
ENSG00000184497,0.8095998878378751
ENSG00000163623,2.771740238875175
ENSG00000117472,1.9098561013689608
ENSG00000125991,0.5654471914646814
ENSG00000163395,2.228363239154259
ENSG00000188895,0.5415154735964518
ENSG00000196417,0.6114721615159269
ENSG00000213347,0.8402510260976805
ENSG00000116096,0.7840297952135996
ENSG00000129518,0.5183741172240619
ENSG00000174326,1.9144351659565488
ENSG00000136874,0.5526992016489994
ENSG00000162413,0.8750477208080326
ENSG00000188033,0.755524297314675
ENSG00000033030,0.5112873888465513
ENSG00000184232,0.783444085526539
ENSG00000198554,0.6723663933756318
ENSG00000101333,1.4229881257469013
ENSG00000187498,0.985023420178677
ENSG00000106025,1.2694064478896891
ENSG00000163848,0.5099664653875744
ENSG00000179168,1.1414926868175264
ENSG00000083814,0.9258493983166806
ENSG00000085872,0.7296031040239359
ENSG00000162426,0.921228415422736
ENSG00000064726,0.48343882973307867
ENSG00000249884,0.9182364511655624
ENSG00000137692,0.5689119256046352
ENSG00000141027,0.5954179504636259
ENSG00000062598,0.5229197960857479
ENSG00000136518,0.583025897731027
ENSG00000197119,0.9287202788849926
ENSG00000146950,1.0854986729282894
ENSG00000123200,0.7108476687025039
ENSG00000125798,2.463551731792015
ENSG00000187634,2.448483134354887
ENSG00000139718,0.7194759698937847
ENSG00000189159,0.7938457042759448
ENSG00000166153,0.8230003102793396
ENSG00000100906,0.7869966806828206
ENSG00000181634,1.1161709708720766
ENSG00000008513,1.2202849039973631
ENSG00000112812,1.6581999694444949
ENSG00000148219,0.9125966172228891
ENSG00000182134,0.7551216929834026
ENSG00000185115,0.5573836652988845
ENSG00000167196,0.5659579331639639
ENSG00000197530,0.7273535191654343
ENSG00000198346,0.6431074629043495
ENSG00000156787,0.6922137941558238
ENSG00000162419,0.45026460741463076
ENSG00000111644,1.0335372879680922
ENSG00000165443,2.1273489635945304
ENSG00000119661,0.5679779215555099
ENSG00000153902,1.294834227409188
ENSG00000163528,0.5524110866397968
ENSG00000161016,0.8305735040751977
ENSG00000131669,0.7041216749289383
ENSG00000156453,0.9210982737131469
ENSG00000088543,0.7592011759545908
ENSG00000116030,0.4614201209548679
ENSG00000089486,0.8862536204681389
ENSG00000108829,0.6457285073598702
ENSG00000167513,0.814721606042565
ENSG00000151461,0.6109622390839395
ENSG00000104835,0.9016816099064615
ENSG00000188827,0.7097338268959502
ENSG00000095261,0.5878602588033058
ENSG00000146918,0.7539170234754297
ENSG00000214078,0.7868600141777821
ENSG00000143537,0.6413020389446452
ENSG00000143614,0.4957028653555243
ENSG00000142748,0.8784757803542027
ENSG00000143374,0.5583374395142873
ENSG00000112367,0.5950649563577314
ENSG00000013392,0.6046925512220963
ENSG00000115998,0.4431894285595882
ENSG00000115073,0.4443499713470591
ENSG00000155561,0.5271320007594208
ENSG00000104312,0.7958573805889585
ENSG00000139437,0.6131931489999066
ENSG00000104147,0.7331564600922655
ENSG00000160049,0.5493825116887967
ENSG00000170873,0.9729459392918293
ENSG00000007202,0.7936353259020686
ENSG00000100767,1.3712626687057878
ENSG00000158552,0.5265993134617056
ENSG00000160993,0.4619283788019301
ENSG00000155906,0.6292002547891272
ENSG00000204475,1.4658074098232963
ENSG00000175334,0.594594097027695
ENSG00000137210,0.764627427457226
ENSG00000143319,0.413032708209983
ENSG00000083828,0.8254331200009325
ENSG00000185924,2.3088613642303217
ENSG00000073711,0.6380480799213742
ENSG00000198689,0.5971682938310532
ENSG00000181938,0.6793771611371742
ENSG00000087237,1.0435106361660629
ENSG00000154518,0.7164836580099604
ENSG00000135960,2.1800186825886727
ENSG00000134644,0.44172332003510406
ENSG00000158941,0.6072131864512941
ENSG00000164366,0.515827029973678
ENSG00000108556,1.1340011570751976
ENSG00000157796,0.7718315744748608
ENSG00000127220,0.7800449542924047
ENSG00000076201,0.5850873752923932
ENSG00000244734,2.0288920378854307
ENSG00000081041,1.9747943252093505
ENSG00000146433,0.6786463075863112
ENSG00000146535,0.6468233119199008
ENSG00000254122,1.5822044935175277
ENSG00000103811,0.848391985280632
ENSG00000166526,0.4986959116396947
ENSG00000141562,0.5667944083518694
ENSG00000142677,1.477317669722741
ENSG00000173011,0.5499128333616411
ENSG00000089050,0.6865853755841167
ENSG00000137824,0.547975918959568
ENSG00000185800,0.5941563531001082
ENSG00000162607,0.6226066884414398
ENSG00000113645,0.8513780600556626
ENSG00000125637,0.6091017739955363
ENSG00000144061,0.8615221004961506
ENSG00000095203,0.9082605506656498
ENSG00000102858,0.5842268767897256
ENSG00000164066,0.7960018072126125
ENSG00000114857,0.7580560765335553
ENSG00000169908,1.1145314273944595
ENSG00000120262,1.3258530103503936
ENSG00000109832,1.953004276118947
ENSG00000003756,0.6603027580429817
ENSG00000170959,1.3442955052713688
ENSG00000147123,0.7854127316585081
ENSG00000163815,1.1676950001674906
ENSG00000005059,1.1879949967943382
ENSG00000168502,1.5312870703041381
ENSG00000205209,1.125325074126485
ENSG00000106462,0.8449855055125265
ENSG00000135749,0.760211026260657
ENSG00000100156,1.4949072556276868
ENSG00000108010,0.5802644288459116
ENSG00000172922,0.6663491544051533
ENSG00000036448,1.6293102167307183
ENSG00000178821,1.2932529028474302
ENSG00000163166,0.5151459652372837
ENSG00000141971,0.6927321328447855
ENSG00000100084,0.6101617008371286
ENSG00000162407,1.034448533504483
ENSG00000151552,0.6121223521689189
ENSG00000128463,0.48181710968734515
ENSG00000139132,0.7280710857082169
ENSG00000132563,1.210963292055052
ENSG00000137404,0.9035356481910628
ENSG00000056487,2.0757519062645744
ENSG00000172345,0.8165050321996639
ENSG00000197483,0.5995724018939997
ENSG00000137504,0.7233752128726453
ENSG00000175575,0.6004776894425518
ENSG00000139613,0.6165669089808289
ENSG00000110931,0.5142802905798652
ENSG00000182107,0.9511579442300742
ENSG00000213064,0.6164367318918528
ENSG00000101945,0.714731490524446
ENSG00000168143,2.3908312790838138
ENSG00000133226,0.5161310363776292
ENSG00000159873,0.6555539912493807
ENSG00000130517,0.8200737650759828
ENSG00000159445,0.635501405832537
ENSG00000152454,0.7340784187063466
ENSG00000157637,0.6210604433977197
ENSG00000163346,0.7241604506821767
ENSG00000133104,0.7274617950726932
ENSG00000159588,1.3863825715677336
ENSG00000070759,0.7437235976466958
ENSG00000214367,0.5956574547954597
ENSG00000168890,0.4926342410956467
ENSG00000179094,1.031271048692005
ENSG00000105887,0.4941565591357963
ENSG00000155893,0.594122168803012
ENSG00000101407,0.5660654098202922
ENSG00000102287,1.9780682705858432
ENSG00000109255,1.5270942929955016
ENSG00000107371,0.5145912787451925
ENSG00000107862,0.6243376924612621
ENSG00000179918,0.5576967929882487
ENSG00000164080,0.63853873324857
ENSG00000179796,2.595485200735527
ENSG00000185261,0.8040251706019615
ENSG00000143190,0.6156020723945712
ENSG00000172458,0.801389022901495
ENSG00000164647,1.2098629079604994
ENSG00000171811,1.8662210857483705
ENSG00000214087,0.6191437279569942
ENSG00000167978,0.7560150861624809
ENSG00000198252,0.49794958285029434
ENSG00000152804,1.0894626347509757
ENSG00000117791,1.0671356265577199
ENSG00000166444,0.7668043370055103
ENSG00000136930,0.4776243294155052
ENSG00000043591,1.5134592492112038
ENSG00000198015,0.5609889358374424
ENSG00000175106,0.7576927135107602
ENSG00000111412,0.6032684586193638
ENSG00000131398,1.2605616782827715
ENSG00000154133,0.8328795400733445
ENSG00000162006,1.6374388813837626
ENSG00000109861,0.8721779889240352
ENSG00000011405,0.5621121032807416
ENSG00000173141,0.7102400283632485
ENSG00000101955,1.317667928649333
ENSG00000172346,1.599674319410273
ENSG00000158006,0.5816583729787689
ENSG00000103064,0.7641875199929206
ENSG00000180879,0.8939307148687919
ENSG00000177853,0.7119086288183628
ENSG00000167874,1.2248639278102915
ENSG00000132522,0.7705393325063202
ENSG00000135506,0.5453060688764151
ENSG00000109756,0.6618591392933822
ENSG00000214279,1.6033904136845667
ENSG00000033100,0.6335474053072464
ENSG00000122729,0.6738784909572021
ENSG00000156853,0.6072772184892006
ENSG00000170412,1.283749711508518
ENSG00000172819,0.7224933898068293
ENSG00000198901,0.8535090064831581
ENSG00000004660,0.9580081723152648
ENSG00000144857,1.3040718184849502
ENSG00000117298,0.7921072261808572
ENSG00000109971,0.7189349987594296
ENSG00000149289,1.127335442781552
ENSG00000126705,0.9054235876414298
ENSG00000066923,1.1718698817121207
ENSG00000188647,0.5882218916818384
ENSG00000109572,0.5952638778678295
ENSG00000018610,0.4627680921036837
ENSG00000131378,0.9396937869736939
ENSG00000163093,0.6419554095898529
ENSG00000125454,0.6913425975320977
ENSG00000109771,0.9445114748573624
ENSG00000269858,1.0629453638662847
ENSG00000084754,0.4548687204667441
ENSG00000250305,2.0290811395340453
ENSG00000147439,0.6584878088121439
ENSG00000004776,1.5837046020436565
ENSG00000104936,0.8718961822039388
ENSG00000086065,0.6451577136968089
ENSG00000196684,1.3238521398231524
ENSG00000174109,0.6290199831057647
ENSG00000152558,0.7165784024742828
ENSG00000188486,0.7528211222425828
ENSG00000214717,0.734824682133331
ENSG00000185338,1.0566859248646816
ENSG00000163382,0.613901720440533
ENSG00000120647,0.6859367564471505
ENSG00000117069,2.0384162855582946
ENSG00000136732,1.0737656531635462
ENSG00000114631,1.2156925736614812
ENSG00000119487,0.4011515009195479
ENSG00000188747,1.052964194900797
ENSG00000122012,2.303912093112349
ENSG00000162650,0.753931819902111
ENSG00000162889,0.5027208170633466
ENSG00000126785,0.9246101321162925
ENSG00000173334,0.9036431110190315
ENSG00000112146,0.5893560216820296
ENSG00000154358,1.0844814847012312
ENSG00000124299,0.7816907121778299
ENSG00000164327,0.5212653698590818
ENSG00000183010,0.8750763093194031
ENSG00000076604,0.7678464670698982
ENSG00000104356,0.5338103149306161
ENSG00000260027,1.6024763162941653
ENSG00000163013,1.0197379716873562
ENSG00000102452,1.6019010322840155
ENSG00000198865,1.3755170899374232
ENSG00000102753,0.6231008361507563
ENSG00000169609,0.5745712465046463
ENSG00000213918,0.8533888314877428
ENSG00000183647,0.7668196015970076
ENSG00000184178,0.5267205410965863
ENSG00000198373,0.6442972223958068
ENSG00000070778,0.6781487257582535
ENSG00000163734,1.775221402446066
ENSG00000068383,0.6968519304299924
ENSG00000167702,1.0747803570316568
ENSG00000172264,1.4442695840328872
ENSG00000128408,1.1732058917242738
ENSG00000168061,0.625502798403894
ENSG00000123427,0.6248640918715488
ENSG00000184160,1.5846300679101066
ENSG00000111850,0.8190886852150995
ENSG00000102100,0.728474942844494
ENSG00000170296,0.7805872047414063
ENSG00000174963,3.4248766590993505
ENSG00000153822,2.549093288141796
ENSG00000117122,1.8953854022868715
ENSG00000147697,2.100575915309529
ENSG00000135469,0.6719164256584399
ENSG00000173465,0.6434659924354506
ENSG00000189369,1.3774166535733239
ENSG00000178338,0.6812901748654375
ENSG00000136999,1.298171974071971
ENSG00000143499,0.6701971810730539
ENSG00000005889,0.5379267230816779
ENSG00000173917,1.6518592059853783
ENSG00000164919,0.910718250603137
ENSG00000013563,0.6667582332892448
ENSG00000103707,0.5174139531736252
ENSG00000129244,1.9370521470678774
ENSG00000173875,0.692169054981631
ENSG00000108387,0.8376754376453333
ENSG00000117016,1.2999901526959072
ENSG00000198625,0.7073937111282096
ENSG00000131061,0.5207787636222906
ENSG00000116141,1.540679130585101
ENSG00000187672,1.2617526029660442
ENSG00000205730,0.8596960268544238
ENSG00000160856,1.677562235724691
ENSG00000182154,0.8156329551521025
ENSG00000093010,0.6333017248567072
ENSG00000159399,0.8293194925405772
ENSG00000239887,0.8624529808028006
ENSG00000117600,1.7583705032138128
ENSG00000127663,0.6982423037291505
ENSG00000072134,0.7438918643183802
ENSG00000100938,0.5371774343097571
ENSG00000167112,0.49905880918961926
ENSG00000113761,0.5466329567025288
ENSG00000111696,0.6806696061391876
ENSG00000204070,0.521781880567565
ENSG00000164967,0.6675871313303033
ENSG00000102218,0.6562437202883737
ENSG00000070413,0.6500544096567124
ENSG00000137106,0.5592866010682879
ENSG00000175550,0.5559556461526299
ENSG00000112242,0.6491671764870176
ENSG00000167771,1.5637112611806154
ENSG00000109189,0.612683983882354
ENSG00000135363,0.9672096467733372
ENSG00000160712,1.294562769162795
ENSG00000214944,0.9319989056635779
ENSG00000087157,0.5550552158068932
ENSG00000124104,0.6329885753092269
ENSG00000063015,1.8149851649588102
ENSG00000204583,1.9077319255058593
ENSG00000116001,0.6689005357884071
ENSG00000169248,2.1889355461659097
ENSG00000016864,0.44382615520471014
ENSG00000007908,1.6185917103659886
ENSG00000070985,1.673978188793404
ENSG00000167447,0.7155144818834112
ENSG00000166159,2.289299486653949
ENSG00000188536,1.8431781493734873
ENSG00000163874,1.0732786620738204
ENSG00000131203,2.2047944688432377
ENSG00000177683,0.5261262082629845
ENSG00000184967,0.5449515596504917
ENSG00000108947,1.5850942932798715
ENSG00000178538,2.1081440256690462
ENSG00000152785,2.341065520898168
ENSG00000032444,0.7194394945931053
ENSG00000179933,0.6019072929532358
ENSG00000198604,0.723413514077872
ENSG00000149929,0.6156177059216668
ENSG00000120029,0.4886794775754751
ENSG00000092964,0.9674636792727285
ENSG00000171067,0.4820862453744462
ENSG00000136169,0.5946182674388911
ENSG00000147113,0.772435865651147
ENSG00000172890,0.6183303095666127
ENSG00000177854,0.8188841658316598
ENSG00000140287,1.6898671238348746
ENSG00000171346,1.7934443222876644
ENSG00000114547,1.3484882040370736
ENSG00000119929,0.5411584724166966
ENSG00000160949,0.8028412371526329
ENSG00000178401,1.4373198342978164
ENSG00000109101,1.822684360300888
ENSG00000063127,1.2526680038314062
ENSG00000103365,0.5205668599445109
ENSG00000115297,1.6562240970720072
ENSG00000104518,0.8063787416156755
ENSG00000166908,0.6553149196696432
ENSG00000097021,0.7517976189230418
ENSG00000157353,0.6628183099298911
ENSG00000166669,0.900071090083338
ENSG00000047315,0.6226257360165244
ENSG00000121297,1.3517433027008434
ENSG00000135740,1.0731684217534492
ENSG00000173273,0.6754481530837394
ENSG00000136935,0.5791181470550283
ENSG00000178741,0.8030514700404268
ENSG00000132581,0.5716507800784257
ENSG00000121481,0.5255248508409872
ENSG00000072954,1.024414704718572
ENSG00000002016,0.7670854747090037
ENSG00000180044,1.828388827085115
ENSG00000175455,0.7445877760044689
ENSG00000185917,0.5347331632757546
ENSG00000086827,0.5305899795666545
ENSG00000219438,1.8184098897800387
ENSG00000164758,0.6357068572226886
ENSG00000148362,0.6220519931956945
ENSG00000111554,0.7265019218851532
ENSG00000108349,0.6349889573146681
ENSG00000136457,1.387288356795187
ENSG00000140450,1.1037718717350344
ENSG00000008282,0.543888072152919
ENSG00000147526,1.0338491535611425
ENSG00000167861,1.0186949813552462
ENSG00000167081,1.0293924096270153
ENSG00000078403,0.6138937521124607
ENSG00000173083,1.2379973490834135
ENSG00000109758,1.6851100506242682
ENSG00000095485,0.5150550394323644
ENSG00000111203,0.7363952847438935
ENSG00000162040,2.0762344877555243
ENSG00000126821,1.0276882464595982
ENSG00000153015,0.5439819533129779
ENSG00000174903,0.48102561652957254
ENSG00000134817,1.363207619472912
ENSG00000095066,0.8692802372134959
ENSG00000177054,0.6527980898927349
ENSG00000138867,0.6023160229848198
ENSG00000169429,1.8451920571429798
ENSG00000106290,0.5766350489813589
ENSG00000145216,0.4488925300932462
ENSG00000101846,0.9933884944926212
ENSG00000087502,0.6081552796044923
ENSG00000100519,0.5027674429291035
ENSG00000166797,0.6037993208503203
ENSG00000162669,1.5817705653862217
ENSG00000120616,0.5069545074522683
ENSG00000220008,1.3252392815532361
ENSG00000122756,2.7377601653716765
ENSG00000164674,0.8970662338090261
ENSG00000139714,0.9765312866440645
ENSG00000124789,0.6494586205963975
ENSG00000115310,0.5181420952912345
ENSG00000198929,0.9490401793084382
ENSG00000165264,0.7619603718313466
ENSG00000149582,0.797091704521098
ENSG00000122547,0.7048093116841769
ENSG00000142669,0.6845771041934423
ENSG00000165775,0.6264584859939829
ENSG00000050393,0.5475765172624942
ENSG00000063046,0.5640289684829813
ENSG00000166426,2.952924866123749
ENSG00000184381,0.9587813820756633
ENSG00000124098,0.6621462283836962
ENSG00000101493,1.0870034837967526
ENSG00000163600,1.8768977729799088
ENSG00000100889,0.7618967873366356
ENSG00000130783,0.9801065389857444
ENSG00000132975,3.0690636091796653
ENSG00000105223,0.8912343877090507
ENSG00000100418,0.45450187235498574
ENSG00000101049,1.529936638336765
ENSG00000090615,0.6715653084181296
ENSG00000143612,0.4838711409822258
ENSG00000143942,0.8730607961850001
ENSG00000177556,0.6609206728064346
ENSG00000092108,0.4868692738879155
ENSG00000174640,1.2080660970396613
ENSG00000204711,1.963807875273218
ENSG00000114126,0.6027494369028695
ENSG00000080644,1.641232841575401
ENSG00000118160,1.7073375081515427
ENSG00000181722,0.9200047775586132
ENSG00000160972,0.7396480983784879
ENSG00000166821,0.5943788845048954
ENSG00000182504,0.6695369015358803
ENSG00000165197,1.2626654659019105
ENSG00000130876,2.2829542570466503
ENSG00000148488,1.8554637413492256
ENSG00000184545,1.183162731752755
ENSG00000177464,0.837162107155315
ENSG00000062282,1.0598904525148145
ENSG00000162068,1.7751451274175882
ENSG00000166167,0.5962699238017537
ENSG00000113384,0.500501827902879
ENSG00000141499,0.5850952004282334
ENSG00000198399,0.6584517808551683
ENSG00000100410,0.578892708470245
ENSG00000196363,0.4876513360179526
ENSG00000101413,0.6134822454907635
ENSG00000136928,2.3143487515527816
ENSG00000105202,0.8633354791813158
ENSG00000178623,0.9982852469256147
ENSG00000149547,0.5777965449314858
ENSG00000182923,0.5325922911162496
ENSG00000181035,0.7254650201062833
ENSG00000155256,0.5717310932696669
ENSG00000155252,0.48414956561315103
ENSG00000106012,0.8955498022698973
ENSG00000187730,0.9524633280565733
ENSG00000170954,0.7154787327940005
ENSG00000159885,0.7589386619618377
ENSG00000204291,1.1321651927618102
ENSG00000161914,0.7022342988909361
ENSG00000161243,1.373376353578231
ENSG00000122674,0.7082382484078992
ENSG00000092203,0.5696014795818164
ENSG00000178397,0.527559348754233
ENSG00000132254,0.5266991684719746
ENSG00000175130,0.8434468198975237
ENSG00000138411,0.9627868566663537
ENSG00000188921,0.7701503868642184
ENSG00000106336,0.8672166361309851
ENSG00000142599,0.8006768780745164
ENSG00000112118,0.7063973847043995
ENSG00000059573,0.46844360207893876
ENSG00000106263,0.5715703922866973
ENSG00000104361,1.059953489301162
ENSG00000168490,1.2397704371246001
ENSG00000008128,0.969312304825318
ENSG00000196235,0.7434158763270591
ENSG00000117400,0.933170506451976
ENSG00000168495,0.597189736760198
ENSG00000124279,0.5930626358891993
ENSG00000163818,0.6408271875098479
ENSG00000150527,0.7011065384712849
ENSG00000138614,0.4797061882543719
ENSG00000158711,0.6035390344178682
ENSG00000213079,0.5100879887599602
ENSG00000115541,0.8236893751670753
ENSG00000187860,0.8398174386177293
ENSG00000116711,1.327981207783536
ENSG00000143842,0.7954800543131846
ENSG00000268182,1.2259796648544898
ENSG00000069869,1.1037622731876822
ENSG00000163214,0.547556246100304
ENSG00000090924,1.1655766132781684
ENSG00000188177,0.729167405763926
ENSG00000185591,0.5074539425202867
ENSG00000184923,1.172034217613262
ENSG00000153790,0.8192876522013377
ENSG00000099290,0.5293096565553005
ENSG00000130449,0.6349320051723893
ENSG00000169245,2.111689710696203
ENSG00000040531,0.6064581517871369
ENSG00000092140,0.5809936748907114
ENSG00000112562,1.3130311280027946
ENSG00000166402,1.2985884555887766
ENSG00000164010,0.8236464675228784
ENSG00000165675,0.6169056647562343
ENSG00000164347,0.7110015016295641
ENSG00000151502,0.5624423151199426
ENSG00000110665,1.4611866770954196
ENSG00000051180,0.7540542457024499
ENSG00000102935,1.700181993828173
ENSG00000144357,0.49591965171968333
ENSG00000090273,0.482575060420253
ENSG00000139531,0.5117387224197599
ENSG00000165671,0.6483622587033792
ENSG00000136155,1.9290228170314165
ENSG00000122694,1.1023475222646564
ENSG00000127920,0.98237519716337
ENSG00000127526,0.5692046899256259
ENSG00000169131,0.6096791429992392
ENSG00000158201,1.244701632820645
ENSG00000185955,1.2238579935237228
ENSG00000138448,0.8927246599290964
ENSG00000161956,0.5360189974403393
ENSG00000185627,0.49208523286360656
ENSG00000186118,1.1082398664774356
ENSG00000162627,0.8628001189238415
ENSG00000139546,0.5757770937706687
ENSG00000104946,0.5402528563231698
ENSG00000100567,0.5107330079539475
ENSG00000182742,1.7894901937235832
ENSG00000188026,0.6084856527661835
ENSG00000235863,0.8885483245696276
ENSG00000198331,0.8530154096044437
ENSG00000137331,1.260497391746837
ENSG00000081177,0.49943098872536684
ENSG00000132275,0.46641102551119423
ENSG00000196387,0.6905316946321636
ENSG00000089289,0.5837797793066766
ENSG00000125966,1.3847872141455486
ENSG00000165474,2.1381453781962683
ENSG00000172817,1.5135079917469567
ENSG00000071127,0.5503777641350095
ENSG00000213719,0.5279020958530173
ENSG00000171163,0.7595995752818261
ENSG00000135070,0.5555802501811544
ENSG00000157426,0.6089125502143649
ENSG00000106305,0.6420396629382223
ENSG00000148291,0.6118593504829796
ENSG00000099194,1.206481334014078
ENSG00000152795,0.39621993425559826
ENSG00000135953,0.547464949297132
ENSG00000111540,0.528189945949503
ENSG00000145113,2.123558960451713
ENSG00000188643,1.0749724716164153
ENSG00000196196,1.8899835683456059
ENSG00000133818,0.6165047187642327
ENSG00000168237,1.0121220694591386
ENSG00000100249,1.4717105775134018
ENSG00000131981,1.0672940766522507
ENSG00000008441,0.9581459785032115
ENSG00000213937,1.9520416764904178
ENSG00000140284,1.2426494746101495
ENSG00000163964,0.6573024860522111
ENSG00000196812,0.6648963038748964
ENSG00000087258,1.8955697128144118
ENSG00000138468,0.658916998563838
ENSG00000141858,0.5774833466113815
ENSG00000081307,0.4647129497388607
ENSG00000175265,1.5399612222015537
ENSG00000167005,0.5602648335774267
ENSG00000253506,0.8754367758894879
ENSG00000101474,0.5440633277119198
ENSG00000188833,1.5377421262126625
ENSG00000182534,0.8312528570204742
ENSG00000206013,1.9920172691000664
ENSG00000179295,0.5843103638604383
ENSG00000151332,0.658580006246095
ENSG00000145734,0.6898717833599364
ENSG00000125457,0.6253339601973323
ENSG00000150753,0.5885227957720819
ENSG00000113916,0.8281369941353444
ENSG00000154370,0.5448246302426498
ENSG00000235162,0.9890791849800495
ENSG00000214021,1.0770372442367024
ENSG00000152977,4.079403659987224
ENSG00000143061,1.0112341120245378
ENSG00000106125,0.908073219574007
ENSG00000149646,0.9548684529359313
ENSG00000125814,0.6592147901809791
ENSG00000113494,1.9127618935498982
ENSG00000198547,1.381089540255099
ENSG00000105085,0.5930851047458293
ENSG00000243943,0.6447060041461496
ENSG00000170464,0.7210236418048968
ENSG00000161960,1.0988088082311636
ENSG00000169093,0.7565426184896252
ENSG00000059769,0.5430047008724933
ENSG00000166532,0.705911548803802
ENSG00000184384,0.8811392202457435
ENSG00000196391,0.954062673514361
ENSG00000187479,1.3361038683027713
ENSG00000143368,0.4626392352511432
ENSG00000139508,0.9721459224585526
ENSG00000204843,0.6159803875874837
ENSG00000175711,0.6892755186949886
ENSG00000089022,0.5076187675692486
ENSG00000188878,0.7803793392050117
ENSG00000061987,0.5428334535242635
ENSG00000204516,1.5007994417181891
ENSG00000179832,0.8900399820733488
ENSG00000118322,2.075668993546276
ENSG00000254986,0.5200404724389909
ENSG00000143382,1.1571592005346156
ENSG00000101849,1.0035860020631342
ENSG00000185220,0.537942326175108
ENSG00000168140,0.9135993309754112
ENSG00000171448,0.6347189647307468
ENSG00000112782,1.513165649610206
ENSG00000168394,1.3397329580143482
ENSG00000154945,0.5667666050022815
ENSG00000204922,0.6706260127298798
ENSG00000139624,0.4166654525302455
ENSG00000205362,2.0994700989506248
ENSG00000100330,0.7107197279492968
ENSG00000107854,0.5522831764434235
ENSG00000145934,1.5089208324695504
ENSG00000183779,1.3763586668811965
ENSG00000204001,2.187149495604179
ENSG00000110536,0.5895048976007922
ENSG00000008838,0.5934027641719696
ENSG00000128268,1.5129096735081013
ENSG00000151689,0.709158579302713
ENSG00000181350,0.9956658513359424
ENSG00000088970,0.6724430035603959
ENSG00000175164,1.5934357588140955
ENSG00000108379,1.3874801479385543
ENSG00000175877,1.4746686842963164
ENSG00000100991,0.4536438660481131
ENSG00000100731,0.6375496067852104
ENSG00000129214,1.0512435599391297
ENSG00000234444,0.6787201143963177
ENSG00000135094,1.2969779514770434
ENSG00000111596,0.5643008798200745
ENSG00000138381,0.4990221484288397
ENSG00000151657,0.5461001396408075
ENSG00000165219,0.5344739075507219
ENSG00000132321,1.3712890901972075
ENSG00000168356,1.2747341534779189
ENSG00000163293,1.1196573639758145
ENSG00000129473,0.6583333985867948
ENSG00000152700,0.5744978956028028
ENSG00000181610,0.6361295612881048
ENSG00000268279,1.2109983278406389
ENSG00000173545,0.4865206846077605
ENSG00000128591,1.7589904578173214
ENSG00000156738,2.168186578381655
ENSG00000133030,0.6614837796394323
ENSG00000152953,1.7309281446850193
ENSG00000177542,0.6527440954599966
ENSG00000005102,2.320645943602667
ENSG00000185883,0.9983923615693028
ENSG00000090054,0.5347614307470983
ENSG00000131242,1.1168329186643726
ENSG00000163719,0.4585236028226288
ENSG00000103550,0.5489646253417371
ENSG00000005339,0.7321290234366065
ENSG00000130758,0.9561667864482832
ENSG00000113838,0.6915161116617063
ENSG00000105971,1.007513233687205
ENSG00000074356,0.6376269547486145
ENSG00000212127,0.9529293075109445
ENSG00000101473,0.5596174951120209
ENSG00000136492,0.9762820710439073
ENSG00000187522,0.6086508700333094
ENSG00000126003,0.7885775958412
ENSG00000165449,1.5807695191850655
ENSG00000188677,0.851425638426566
ENSG00000086758,0.6211081860597898
ENSG00000156521,0.6204585479974233
ENSG00000183648,0.776275009709009
ENSG00000198909,0.6305082932274142
ENSG00000146592,1.071194917985452
ENSG00000102524,1.428612504619806
ENSG00000177697,0.6662437296950785
ENSG00000188039,2.1662436798163283
ENSG00000067064,0.7757001541332851
ENSG00000107317,2.1878802393132895
ENSG00000014914,0.8448642200716419
ENSG00000106460,0.6566525685610386
ENSG00000166441,0.874248047250384
ENSG00000159082,0.6837645579758401
ENSG00000131495,0.7933278497697704
ENSG00000111845,0.6272742803433997
ENSG00000083635,0.5826411619110419
ENSG00000126005,0.8376179332916235
ENSG00000137713,0.6781865017670969
ENSG00000055130,0.4649697595418466
ENSG00000073331,0.7541612319887199
ENSG00000167220,0.9531757658473936
ENSG00000063587,0.7140393922516522
ENSG00000186787,0.634479192265185
ENSG00000156234,2.5996963958612347
ENSG00000140992,0.5814457557625533
ENSG00000213171,1.6705121418759963
ENSG00000176225,0.7436295125540419
ENSG00000147010,0.707345924972179
ENSG00000196557,1.4466068488337156
ENSG00000140688,0.6580833445536585
ENSG00000079215,1.0479220114808598
ENSG00000177600,0.878555149737335
ENSG00000186871,0.882037172776841
ENSG00000142661,2.0933540980750784
ENSG00000103168,0.6609751239309124
ENSG00000188199,1.2233533864179889
ENSG00000130779,0.624409803571559
ENSG00000188993,1.3198768675528285
ENSG00000116717,0.8149190989810854
ENSG00000172748,0.9719932549795343
ENSG00000095932,2.295066857751139
ENSG00000162777,0.6641632053202347
ENSG00000164414,0.715899553358064
ENSG00000165152,1.636424374400453
ENSG00000112584,0.5732517843062487
ENSG00000127328,0.8433881805445844
ENSG00000226124,0.9499060830827046
ENSG00000100162,0.8767568986784243
ENSG00000162869,0.5876299428561987
ENSG00000153130,0.6195627797959411
ENSG00000164076,1.9178271459627878
ENSG00000099800,0.6277565119707756
ENSG00000119772,0.8222036514023404
ENSG00000052749,0.6933632017983117
ENSG00000173338,0.9200617938437912
ENSG00000154529,1.4967948501230584
ENSG00000112655,0.7480722913243715
ENSG00000169031,1.5599544367069675
ENSG00000213901,1.3218403143605963
ENSG00000185262,0.6673064925673515
ENSG00000160746,0.4946525250188473
ENSG00000132879,0.7091104550217999
ENSG00000065621,1.016770956100733
ENSG00000179083,2.2189140686140054
ENSG00000134152,0.5559478655449275
ENSG00000164611,0.9749216936228369
ENSG00000149925,1.0822225017378322
ENSG00000055118,1.3646598839294548
ENSG00000198026,0.5635159240336046
ENSG00000120533,0.595200944523295
ENSG00000129646,0.9124055630900143
ENSG00000204099,1.8041736381650835
ENSG00000159459,0.6002625529217901
ENSG00000065526,0.7110161303614159
ENSG00000213341,0.6125565845265547
ENSG00000087111,0.7936936186994793
ENSG00000188959,2.0172291883032036
ENSG00000259529,1.0176065102024558
ENSG00000198242,0.8907206350581152
ENSG00000166860,0.7137769195729433
ENSG00000188064,1.7732245114967136
ENSG00000111727,0.59699329399929435
ENSG00000091536,1.1720066423220667
ENSG00000178927,0.5394864657243278
ENSG00000113593,0.5303163888632056
ENSG00000105613,1.2840701533444794
ENSG00000028203,0.5590624477867965
ENSG00000212916,1.265251902224385
ENSG00000115520,0.5394535776464892
ENSG00000182327,1.0523028035381325
ENSG00000166337,0.6025475105620248
ENSG00000110851,0.5689050408501383
ENSG00000188529,0.3857564015672338
ENSG00000162714,0.7258319675704217
ENSG00000221994,0.8750604942784654
ENSG00000158019,0.5149568675779141
ENSG00000084774,0.7356244945438482
ENSG00000082153,0.4821307465098223
ENSG00000187678,1.1797928593721683
ENSG00000137714,0.5930906663248041
ENSG00000196361,2.097837541123909
ENSG00000154380,0.7563153576293121
ENSG00000162409,1.2680057315519704
ENSG00000162927,0.4818623839287086
ENSG00000145741,0.6477752687186521
ENSG00000150540,1.0296690985595471
ENSG00000162510,1.3594226740881783
ENSG00000123636,0.7548238355119743
ENSG00000102241,0.5392402436889738
ENSG00000055044,0.5630339109860079
ENSG00000240204,1.1785481590531168
ENSG00000145979,0.7316958927549241
ENSG00000175567,0.9469377463806935
ENSG00000110717,0.7064091271793324
ENSG00000138030,0.9649176173715648
ENSG00000178605,0.6454259343617117
ENSG00000135045,0.7786871329622541
ENSG00000175224,0.4969929625146062
ENSG00000154589,1.2677137060053432
ENSG00000197599,1.3383215527336698
ENSG00000146282,0.6147740996604165
ENSG00000165410,0.6842855729279077
ENSG00000006712,0.7098225501808413
ENSG00000116786,0.6398247225908804
ENSG00000155090,0.8434403371509608
ENSG00000122035,1.4862398685983518
ENSG00000163599,1.8314023658880187
ENSG00000161835,1.0455915781449374
ENSG00000052850,2.2274444516404395
ENSG00000141198,0.6663485219364284
ENSG00000173013,1.2176385726448993
ENSG00000165304,0.9305880695285653
ENSG00000137968,2.3082172456003147
ENSG00000187772,3.1228867073584228
ENSG00000198408,0.5834874577272477
ENSG00000119950,0.7043775858070185
ENSG00000116977,0.772922091210693
ENSG00000095752,1.2975483859488268
ENSG00000157429,0.6289147205934593
ENSG00000099974,0.9368754822244139
ENSG00000249751,0.9007560359151104
ENSG00000196369,0.864367490585242
ENSG00000143816,1.2141561966208254
ENSG00000101445,1.471912098597788
ENSG00000130775,1.2160902165953926
ENSG00000168936,0.6692708131393029
ENSG00000204315,0.6023789585254864
ENSG00000105993,0.5138314823216145
ENSG00000187109,0.6134535055574853
ENSG00000049768,1.1955689180965348
ENSG00000204815,1.2378117163157343
ENSG00000165209,0.47989817187038325
ENSG00000084110,1.976378456160691
ENSG00000145912,0.7172244306546104
ENSG00000100916,0.5795505533499785
ENSG00000083093,0.49932530325253577
ENSG00000152592,1.44870243453523
ENSG00000132749,0.7748504036090885
ENSG00000110080,0.7896954627548016
ENSG00000173660,1.4956905752986729
ENSG00000219626,0.6670959832174542
ENSG00000176095,0.5036351936255321
ENSG00000101363,0.5294224083966134
ENSG00000169220,0.8072025724285719
ENSG00000103544,0.6522353230974647
ENSG00000168246,0.531889193147036
ENSG00000198131,0.5894598158288408
ENSG00000140521,0.6801563406214765
ENSG00000110330,0.5663094814845094
ENSG00000164068,0.7236845958596239
ENSG00000131781,0.7271968517397029
ENSG00000171533,1.6003748024774607
ENSG00000205339,0.5459301673990945
ENSG00000172785,0.7883220503323273
ENSG00000079616,0.5300726451925708
ENSG00000164877,1.0538296369777531
ENSG00000101811,0.47842835177814136
ENSG00000101440,1.1470728649384074
ENSG00000112941,0.609290701430769
ENSG00000185130,1.2846575806349445
ENSG00000259431,0.8927410238703352
ENSG00000178297,1.2003346573450895
ENSG00000141367,0.5441636511360355
ENSG00000188672,1.4222679119126
ENSG00000131373,0.574936132151
ENSG00000180182,0.5749028374712878
ENSG00000133606,0.4348012410062273
ENSG00000136098,0.7788776289529885
ENSG00000166741,2.2646630537064945
ENSG00000133315,0.908500266666507
ENSG00000232629,2.1843345448749627
ENSG00000137648,1.8994021385640452
ENSG00000198646,0.6205448193072445
ENSG00000173473,0.5785600043639069
ENSG00000188211,1.3523832765684314
ENSG00000247077,0.5462551082011663
ENSG00000169439,1.2774102334386754
ENSG00000104973,0.567641789108796
ENSG00000152223,0.7599262486344072
ENSG00000170571,1.41117714466052
ENSG00000160781,1.2562563998167497
ENSG00000182208,0.5114964988971008
ENSG00000136715,0.5709160977013897
ENSG00000166192,0.6114450930900871
ENSG00000122203,0.5390340377685907
ENSG00000140153,0.45675850775046806
ENSG00000111707,0.532371400020002
ENSG00000166856,1.111575613707273
ENSG00000254469,0.6400996659930023
ENSG00000196664,1.5594852749571413
ENSG00000100744,0.6656479823340412
ENSG00000175782,0.6548439976144329
ENSG00000123545,0.7153713316993596
ENSG00000189283,0.865231799680989
ENSG00000163866,0.5203105136016513
ENSG00000130150,0.6061679945386971
ENSG00000204713,0.5517936522251733
ENSG00000135457,0.5546401221848176
ENSG00000140365,0.6181023813819574
ENSG00000159658,0.6076442737455376
ENSG00000124228,0.45559792790315123
ENSG00000133794,0.7200344832130603
ENSG00000056972,0.7261052019489526
ENSG00000141385,0.6726362712797054
ENSG00000164300,0.7278658491877408
ENSG00000145675,0.9320834970874334
ENSG00000236609,1.0116996046835043
ENSG00000184956,2.424466802094149
ENSG00000099849,0.8043110377804047
ENSG00000166225,0.7021946665973511
ENSG00000172046,0.5451194966736921
ENSG00000151882,1.4112438696571792
ENSG00000120837,0.5527793701910572
ENSG00000175928,1.9140478348628485
ENSG00000133142,0.5127531665961911
ENSG00000122299,0.5283283446719974
ENSG00000215045,1.1154486636414298
ENSG00000132182,0.9165148376272834
ENSG00000197565,1.6573146104730943
ENSG00000108700,1.7923570132075313
ENSG00000141298,0.5876879207030151
ENSG00000177239,0.5848396712704704
ENSG00000171130,0.735846210402142
ENSG00000183876,1.7101800940760479
ENSG00000173153,0.724954526823303
ENSG00000161958,1.242079518723452
ENSG00000158805,0.7743768405055506
ENSG00000110888,0.7251893723431487
ENSG00000163157,1.023325181373105
ENSG00000167065,0.7540481364708569
ENSG00000111276,0.7541357635382226
ENSG00000105825,1.911768327094117
ENSG00000053702,0.8209397437408054
ENSG00000175985,1.69193371826928
ENSG00000204228,0.9205006133796321
ENSG00000156599,0.514505326357082
ENSG00000196172,0.8700991855988571
ENSG00000007545,0.632660925265675
ENSG00000156650,0.7255925685696657
ENSG00000088726,1.8677596097208813
ENSG00000196782,0.9643510768168434
ENSG00000089159,0.6280417189742915
ENSG00000143457,0.5777210968898165
ENSG00000196371,0.7546320261145261
ENSG00000118707,0.7003714787391779
ENSG00000114279,1.4163153086569893
ENSG00000166478,0.3085606056777716
ENSG00000177106,0.8457212232970496
ENSG00000070444,0.5398797506942095
ENSG00000216937,0.7229820065921579
ENSG00000179397,0.9237940731331373
ENSG00000120149,2.2220923276536833
ENSG00000182405,0.6413182013028793
ENSG00000172757,0.49534019858601247
ENSG00000103507,0.45681757010843593
ENSG00000125691,0.8638868656747085
ENSG00000101126,0.5317100589644755
ENSG00000178150,1.771493652325034
ENSG00000196420,1.5104518066280401
ENSG00000215375,0.847824335751723
ENSG00000114331,0.6611875109599733
ENSG00000229314,2.232689070849355
ENSG00000181135,0.7778868879924757
ENSG00000185420,0.548414232568491
ENSG00000152292,1.5483961060611757
ENSG00000185267,0.9572432401852281
ENSG00000213420,1.486748610560217
ENSG00000115233,0.5237715955371602
ENSG00000061938,0.831897325071354
ENSG00000137414,0.6388521525529827
ENSG00000179431,0.6837199048174665
ENSG00000206172,1.8480909816968012
ENSG00000084090,0.3974352555056684
ENSG00000107949,0.5317323042448018
ENSG00000067445,1.3996789616695218
ENSG00000102804,0.7469851974403848
ENSG00000197429,0.520499360301942
ENSG00000123297,0.7633563795165055
ENSG00000142619,2.6948437178200826
ENSG00000133985,1.3947346122987525
ENSG00000087077,0.7029547221327683
ENSG00000182287,0.855242434631867
ENSG00000157540,0.5046326522140309
ENSG00000197748,1.4250631154494333
ENSG00000129194,1.8570886487007248
ENSG00000163389,0.5368908659340722
ENSG00000154127,1.1280390199908807
ENSG00000183208,0.6604793460017828
ENSG00000104738,0.6768033370710316
ENSG00000116016,0.9184466116582338
ENSG00000198723,1.3156602242419126
ENSG00000140406,0.6379116070866193
ENSG00000143379,0.6363726996691385
ENSG00000135898,1.371371115040084
ENSG00000144278,2.1254872710111044
ENSG00000135392,0.7250495804190548
ENSG00000170624,1.5239675951360727
ENSG00000157625,0.6081604607999176
ENSG00000141564,0.6629405449273007
ENSG00000166851,0.8376367886809727
ENSG00000134551,0.9750255100634789
ENSG00000130702,0.9567766415078185
ENSG00000242498,0.7012346273757165
ENSG00000169914,0.8519155916462633
ENSG00000175792,0.4917715154896847
ENSG00000162373,1.3104412390965332
ENSG00000122678,0.595349317421096
ENSG00000123384,1.0688729191119424
ENSG00000170779,0.7080741680317436
ENSG00000172663,0.5519562909607628
ENSG00000174775,0.5735260628888331
ENSG00000160803,0.5906239302327827
ENSG00000120341,0.9470516095359522
ENSG00000204248,1.672695024092468
