ENSEMBL,mean
ENSG00000182307,9.526244849237788
ENSG00000173065,8.153942623351192
ENSG00000111144,9.25901232138532
ENSG00000069696,4.544484249848742
ENSG00000160959,7.755944928575219
ENSG00000164061,5.045645748365946
ENSG00000104524,8.059608175752386
ENSG00000012048,5.690093234169804
ENSG00000184277,7.826240258513315
ENSG00000147383,7.629247245884325
ENSG00000160111,7.094041497665794
ENSG00000152942,7.0767709014164515
ENSG00000153310,9.21861585683338
ENSG00000177034,6.666119533574783
ENSG00000131871,8.11311401599167
ENSG00000147789,7.748020371884548
ENSG00000196378,6.063801237906908
ENSG00000185825,10.06216624227823
ENSG00000197858,10.662562201999311
ENSG00000108639,10.830442208020767
ENSG00000075151,8.77612549107502
ENSG00000006757,7.287834564627584
ENSG00000186862,3.5439248978800895
ENSG00000196704,8.642624047249262
ENSG00000152409,7.063310372594442
ENSG00000174165,7.675304830399952
ENSG00000049089,7.919644928816891
ENSG00000070010,7.904707579143665
ENSG00000163749,1.3249821272139344
ENSG00000116661,6.567059743688629
ENSG00000167900,8.835519994608731
ENSG00000119242,8.477188500930211
ENSG00000118363,8.927243695517465
ENSG00000160999,6.870399967451026
ENSG00000124532,8.165948097292576
ENSG00000179091,10.846600651362683
ENSG00000102158,9.5338376115692
ENSG00000147813,7.411954999201667
ENSG00000143951,6.0322521379425185
ENSG00000147679,7.598693179346637
ENSG00000141543,9.49373202192366
ENSG00000170619,7.801339743733672
ENSG00000101911,8.231339504282408
ENSG00000109113,9.572921442966026
ENSG00000164466,7.920731182041705
ENSG00000185000,8.989662696654701
ENSG00000090006,9.650370098548207
ENSG00000185122,10.532715962787526
ENSG00000165501,5.560000102580298
ENSG00000169689,8.107689360479473
ENSG00000109111,9.272705498532048
ENSG00000132589,9.582466108885932
ENSG00000141867,10.575471223231355
ENSG00000109118,8.867696904720507
ENSG00000113048,8.233537720942238
ENSG00000205903,8.364369356167325
ENSG00000011243,8.216740097300075
ENSG00000101452,6.885332655766968
ENSG00000174989,7.403043485351604
ENSG00000122507,6.4394212976980585
ENSG00000128050,9.911906309542726
ENSG00000130413,5.3240467722803695
ENSG00000169398,9.804934485639672
ENSG00000078814,4.579274909924766
ENSG00000100075,9.329861914120885
ENSG00000131876,7.871182519336787
ENSG00000115282,7.63670136203378
ENSG00000117625,8.261139493252072
ENSG00000109103,8.005912575445473
ENSG00000178896,7.841864090175425
ENSG00000155959,7.918934146695866
ENSG00000077514,7.327974935010063
ENSG00000141542,7.181066607949908
ENSG00000013503,6.463045373549714
ENSG00000100253,0.27798171610705286
ENSG00000179632,10.493617040309456
ENSG00000177666,9.58572921576466
ENSG00000173137,6.8197147570926075
ENSG00000123411,6.766450749059772
ENSG00000169683,7.005566430076098
ENSG00000061936,8.18820019143099
ENSG00000141560,7.740074570297877
ENSG00000160957,7.592560377083914
ENSG00000110172,7.320000985509772
ENSG00000144550,0.8139265697653492
ENSG00000136986,9.454692440581846
ENSG00000144354,6.801811951350761
ENSG00000166046,5.349458168655815
ENSG00000172172,8.35883259954787
ENSG00000138613,6.580442119966653
ENSG00000183309,8.491664125971715
ENSG00000106089,5.869217639899333
ENSG00000167799,5.930850583722611
ENSG00000137522,7.037282470465597
ENSG00000170175,5.644004358704967
ENSG00000142046,3.9339136348602777
ENSG00000173674,9.253124325759114
ENSG00000139719,6.842942791936242
ENSG00000239779,6.235988015782246
ENSG00000198728,10.216436030038446
ENSG00000100902,5.7202319819201195
ENSG00000185515,7.577540588099458
ENSG00000205667,1.4838725666136303
ENSG00000101868,6.8478344115637135
ENSG00000117139,9.349401627864719
ENSG00000004487,9.570222807033037
ENSG00000178966,6.78844071525947
ENSG00000198393,6.5928711931419235
ENSG00000121653,8.208401655906448
ENSG00000133597,7.841637331854965
ENSG00000156795,6.823533357612212
ENSG00000132591,8.4647503105041
ENSG00000132005,8.382841454876306
ENSG00000166405,4.886279076277934
ENSG00000051009,7.895819829864458
ENSG00000168283,8.230812852551312
ENSG00000100206,2.5747741212679682
ENSG00000198746,5.96368594795147
ENSG00000101856,10.082552994687251
ENSG00000174804,8.133952109032778
ENSG00000104814,6.110541264002662
ENSG00000148187,7.623746069476884
ENSG00000050748,7.767583310962594
ENSG00000110844,6.260799182296162
ENSG00000129757,7.88176926722016
ENSG00000179528,1.8555762133591418
ENSG00000256223,5.437909966361344
ENSG00000169223,10.077071973649094
ENSG00000107614,5.80613341711777
ENSG00000148229,9.073151871327582
ENSG00000139182,9.338154499016355
ENSG00000183684,8.467978488323736
ENSG00000099901,9.477053878066847
ENSG00000160131,8.548875611934244
ENSG00000141552,8.988206905126374
ENSG00000105072,5.839944652158855
ENSG00000131100,9.108429772884547
ENSG00000135473,7.588025291123961
ENSG00000132017,8.759400084274388
ENSG00000155034,6.225361467970246
ENSG00000188735,7.001889414823859
ENSG00000118965,6.876840605625314
ENSG00000100994,9.594129970595175
ENSG00000123595,7.41443481213588
ENSG00000140525,7.396464047195705
ENSG00000122965,7.29198763839175
ENSG00000067177,6.242252508742138
ENSG00000136044,7.99669616602356
ENSG00000168876,6.665361272745971
ENSG00000129515,9.090887075830384
ENSG00000132792,7.9111560080909324
ENSG00000204138,9.536889545058758
ENSG00000058453,7.3315965995193295
ENSG00000224877,7.322173962314332
ENSG00000132535,6.881835802768521
ENSG00000100926,5.026094748097416
ENSG00000106346,7.432899447543679
ENSG00000183960,2.355730816589088
ENSG00000156802,8.40680168241109
ENSG00000126953,5.985050250783987
ENSG00000103197,10.004276953517508
ENSG00000185522,5.091934858008687
ENSG00000104957,8.009794711334232
ENSG00000204842,8.745295736192496
ENSG00000164309,4.597670264832572
ENSG00000244617,2.7976981483343333
ENSG00000159423,7.057188788912153
ENSG00000165156,8.146384889221617
ENSG00000184508,5.423611389692886
ENSG00000167632,8.863244089443477
ENSG00000064313,8.357685325563663
ENSG00000189180,8.323268805540216
ENSG00000198720,5.856698422740096
ENSG00000110619,7.841057586642544
ENSG00000150990,7.840260103912151
ENSG00000167700,8.182918269194897
ENSG00000171241,5.683849374528716
ENSG00000065600,6.030635391740499
ENSG00000132003,7.039664619911093
ENSG00000185418,5.6045923866750655
ENSG00000189057,5.6513283524812765
ENSG00000070495,6.904103731015555
ENSG00000104549,8.770645288472648
ENSG00000213593,9.188708180259306
ENSG00000164338,6.185726539134899
ENSG00000169684,2.818269566189936
ENSG00000204237,7.664802376778054
ENSG00000169230,8.859007639761318
ENSG00000080819,6.855946268850058
ENSG00000141580,9.847055901493531
ENSG00000168003,9.824794879824255
ENSG00000130338,7.532828699861738
ENSG00000174282,9.345965074768182
ENSG00000005022,10.684757799057275
ENSG00000197170,8.29436383490782
ENSG00000178498,8.07266172911498
ENSG00000101040,9.461156374872912
ENSG00000184350,0.7029223856926291
ENSG00000093009,6.130616025950392
ENSG00000183665,7.073989447766453
ENSG00000187838,0.3529834974861086
ENSG00000004961,7.256504003785337
ENSG00000160551,8.37096640918042
ENSG00000147676,11.097837570674736
ENSG00000187954,9.143799836924352
ENSG00000205531,8.961032110990132
ENSG00000152359,6.130038489043606
ENSG00000249715,3.442908699309442
ENSG00000109519,7.649476367428506
ENSG00000099968,8.123033377297244
ENSG00000157837,9.057291438172639
ENSG00000135365,8.176165910416174
ENSG00000171456,9.530894617346018
ENSG00000175203,9.502153082706949
ENSG00000181924,8.869054522512032
ENSG00000242802,7.779066596056263
ENSG00000004975,8.181525998049182
ENSG00000125445,8.538234734582844
ENSG00000242259,6.598125880700962
ENSG00000175376,7.611872959340627
ENSG00000139641,10.10197941210962
ENSG00000181704,8.439614561069154
ENSG00000141556,8.856662182928147
ENSG00000044574,11.810074795431156
ENSG00000151413,6.534285927708343
ENSG00000164284,7.094756822650683
ENSG00000023191,9.478748535682552
ENSG00000198730,7.978100298785349
ENSG00000136933,7.231755673871956
ENSG00000141068,6.2501617377110525
ENSG00000168904,6.527467968685211
ENSG00000182253,4.440348019151549
ENSG00000183020,8.882466341934558
ENSG00000146576,7.968428978610798
ENSG00000099769,3.0599080947271755
ENSG00000100522,7.09814007765591
ENSG00000175518,1.7152932398135432
ENSG00000175390,10.379212249249324
ENSG00000144381,11.047836615767235
ENSG00000163462,5.861394610680187
ENSG00000112851,8.623972920645338
ENSG00000179950,11.117566497669962
ENSG00000072958,8.649056699794436
ENSG00000253873,2.603359203159885
ENSG00000106443,8.049382431455635
ENSG00000089685,8.38631550094456
ENSG00000132837,2.7055005516989596
ENSG00000123908,9.073266785919476
ENSG00000092330,8.45645553820123
ENSG00000130396,9.687366763416282
ENSG00000185651,9.503719998011846
ENSG00000139625,7.346407059753116
ENSG00000110713,9.253432644098314
ENSG00000105204,9.114093282664689
ENSG00000130021,6.906926274183231
ENSG00000128059,7.306180821561674
ENSG00000186767,6.216463284466717
ENSG00000148842,6.777361003612283
ENSG00000180071,1.6134856641445758
ENSG00000165527,10.030769218287817
ENSG00000144369,5.901431729107448
ENSG00000180938,5.2861252069504525
ENSG00000139668,6.31213785761354
ENSG00000198569,1.6744454867676846
ENSG00000169718,9.23495623114849
ENSG00000143514,8.528421061546954
ENSG00000087842,5.792840898913007
ENSG00000175643,7.009462210396477
ENSG00000109180,9.59404333274727
ENSG00000112294,8.11135769990187
ENSG00000127022,12.074236832550996
ENSG00000171302,9.173865042794688
ENSG00000087206,6.877243016879959
ENSG00000141378,7.125581066631511
ENSG00000184009,14.536072154624568
ENSG00000121864,8.346480625696898
ENSG00000187601,6.8300726748500695
ENSG00000205356,7.046477490767265
ENSG00000170631,7.10826666910656
ENSG00000136950,8.31568907613068
ENSG00000092020,6.066277206990586
ENSG00000117602,7.356559807954061
ENSG00000198040,7.25086679852515
ENSG00000183340,6.541297361140369
ENSG00000145700,1.6925160419934475
ENSG00000100442,7.740331409304932
ENSG00000100911,9.576082793998438
ENSG00000128039,8.157317341775515
ENSG00000181991,7.260585136587858
ENSG00000213585,10.200600277347451
ENSG00000157326,5.934588862555508
ENSG00000120705,9.309497560334826
ENSG00000196407,2.1271820560631016
ENSG00000013561,7.7544527829610725
ENSG00000130826,8.765336153606066
ENSG00000100982,9.328622608251463
ENSG00000163762,5.008548045361484
ENSG00000183475,6.993920463417451
ENSG00000169660,7.05761435328471
ENSG00000101391,7.337872343620603
ENSG00000187942,2.063521670683141
ENSG00000239920,0.9335002689788355
ENSG00000107175,8.510619425162005
ENSG00000174516,6.381355316251502
ENSG00000181852,8.879818142895736
ENSG00000168778,7.172588356829824
ENSG00000247626,6.710198073735311
ENSG00000163516,8.142852849381498
ENSG00000078699,8.462142309632492
ENSG00000174306,6.806270590847462
ENSG00000108588,8.902730264279311
ENSG00000172037,10.450033020711487
ENSG00000137500,8.0470272889710035
ENSG00000166411,6.493850603114874
ENSG00000162368,9.199204408107347
ENSG00000132846,7.281820982683717
ENSG00000168496,7.561180146836806
ENSG00000174292,6.524817111033231
ENSG00000110108,9.38429535274313
ENSG00000116809,7.381691796885928
ENSG00000155868,6.01813516355134
ENSG00000170113,5.7232914211389625
ENSG00000104522,9.88091436230877
ENSG00000139985,1.5821216991298335
ENSG00000139540,1.143148608069779
ENSG00000131153,6.336510978263384
ENSG00000134851,9.389242175766242
ENSG00000129219,7.448799628509028
ENSG00000183048,6.0258640621691715
ENSG00000127511,9.166491072747235
ENSG00000160602,5.234383848418378
ENSG00000147684,10.191778383986499
ENSG00000164535,7.1934957147709
ENSG00000109107,5.783954148437309
ENSG00000006611,1.4458063926174876
ENSG00000170653,7.991236431913287
ENSG00000105245,8.288704549978778
ENSG00000214654,3.7009915414823222
ENSG00000167363,7.595055620027955
ENSG00000167862,7.2403182352390925
ENSG00000107719,6.610712333887978
ENSG00000157954,9.354625867942302
ENSG00000179886,7.692273529683501
ENSG00000130193,8.972587364496276
ENSG00000162482,2.8659513457847323
ENSG00000171206,10.256432615634516
ENSG00000175826,8.300850872082874
ENSG00000102390,6.754958623219526
ENSG00000101343,7.91907743692939
ENSG00000086232,10.392975415938345
ENSG00000204764,4.580123622724728
ENSG00000114923,7.087763961339219
ENSG00000166002,6.133011476674614
ENSG00000066117,9.276470404765206
ENSG00000128228,7.182486549241838
ENSG00000165644,7.331657616931486
ENSG00000262814,6.026103738948932
ENSG00000166165,9.665748532822942
ENSG00000102119,9.192225255973897
ENSG00000185624,11.544808269755993
ENSG00000197024,7.199777451216602
ENSG00000145247,8.437553217794775
ENSG00000169992,8.367626249600292
ENSG00000177042,7.170717676625099
ENSG00000158104,3.0126066850722673
ENSG00000101079,8.625554950729276
ENSG00000011021,7.1544847021624145
ENSG00000113163,7.500956817930633
ENSG00000100883,8.272312192783534
ENSG00000141574,7.488364070532632
ENSG00000168026,5.396005463771361
ENSG00000165118,6.740381204284142
ENSG00000115274,1.611189524471836
ENSG00000102081,9.117138605801644
ENSG00000177951,8.229844380727922
ENSG00000165389,8.409403725061585
ENSG00000136144,7.22148861870684
ENSG00000117899,8.45026509993652
ENSG00000102172,9.203965527344407
ENSG00000176108,6.513019143660515
ENSG00000124391,0.3559858653415496
ENSG00000167525,4.31059703214313
ENSG00000184840,9.808188063708164
ENSG00000182325,7.5754445747384995
ENSG00000213563,8.902099658199305
ENSG00000131844,9.077979970169915
ENSG00000115977,8.888702629977184
ENSG00000140479,4.708661472670607
ENSG00000183060,5.0088793164292245
ENSG00000059915,5.675754002016076
ENSG00000169446,8.07698142194135
ENSG00000180425,5.8203574165270435
ENSG00000094755,5.296084981498625
ENSG00000166886,8.894870755614548
ENSG00000139921,8.295841723429664
ENSG00000185158,5.526155751596161
ENSG00000166575,6.934836420834358
ENSG00000177459,4.383684984981276
ENSG00000084731,7.271129600040892
ENSG00000182220,9.84898347234744
ENSG00000139636,7.055796655103449
ENSG00000170881,8.266693699890794
ENSG00000179526,9.651275378543952
ENSG00000146350,5.16044232782054
ENSG00000039319,6.630569498270828
ENSG00000187778,8.7437961596091
ENSG00000149196,7.988275859196685
ENSG00000169084,6.992106820375161
ENSG00000146574,6.043149433943698
ENSG00000180785,1.9202405095989536
ENSG00000187325,7.657648656779033
ENSG00000106415,5.950159995620614
ENSG00000129480,4.458929395638302
ENSG00000185615,3.1588503656444225
ENSG00000182768,7.764908914470829
ENSG00000113194,8.853665855274993
ENSG00000134058,7.2194826804575465
ENSG00000203952,3.567691444774679
ENSG00000171204,7.716205929033786
ENSG00000170509,0.7552872209812692
ENSG00000198088,3.5958375987940414
ENSG00000109184,7.351778568829281
ENSG00000163412,7.501601524852759
ENSG00000170471,9.157212107519362
ENSG00000164983,8.017131666610043
ENSG00000156831,7.369110672717147
ENSG00000102174,2.5020806242224096
ENSG00000135917,4.694217414174027
ENSG00000150316,8.516636773737778
ENSG00000196123,6.2440374453950085
ENSG00000181038,6.723079093174506
ENSG00000182446,9.701408221036514
ENSG00000188021,8.577468941538795
ENSG00000164754,10.650001194041758
ENSG00000140943,9.424977490057815
ENSG00000095209,6.004884752033741
ENSG00000173914,7.0046515486256435
ENSG00000171100,7.00148977071829
ENSG00000146700,5.506927810473456
ENSG00000092978,6.930372162687892
ENSG00000142675,8.114473689896599
ENSG00000004779,8.728150657057798
ENSG00000124523,7.651082822533787
ENSG00000060069,7.252750390865696
ENSG00000164631,7.56358360600981
ENSG00000164880,9.969187738756265
ENSG00000136897,7.234309619793806
ENSG00000123472,9.313102250684604
ENSG00000188917,6.922021406757058
ENSG00000090097,8.12458111513022
ENSG00000048140,8.505566301979794
ENSG00000187079,9.11453660405912
ENSG00000170037,7.733449115617623
ENSG00000205542,12.846884155185306
ENSG00000161179,8.312263041612935
ENSG00000116668,5.688295199202146
ENSG00000181284,5.57431125333733
ENSG00000163950,8.917927202901401
ENSG00000140157,7.850886144750413
ENSG00000123143,10.611715789221016
ENSG00000119421,8.209575557131355
ENSG00000006715,8.263422533621657
ENSG00000146007,8.700388310949874
ENSG00000174915,7.818648108695008
ENSG00000259494,4.647454881776371
ENSG00000170540,10.390021991731173
ENSG00000069345,8.614861661079402
ENSG00000138111,5.1718167245996
ENSG00000147164,8.555741724210902
ENSG00000136379,7.571222771344076
ENSG00000123700,4.316677406808842
ENSG00000131067,7.917047495124638
ENSG00000041357,9.398282542609941
ENSG00000124486,9.934962587153025
ENSG00000182791,3.1022560319145027
ENSG00000131174,10.02444113922265
ENSG00000183807,2.724936352667154
ENSG00000102893,8.287458066561754
ENSG00000111271,7.523049251415116
ENSG00000070047,8.527790661931608
ENSG00000103355,3.4219129606908076
ENSG00000166762,4.135098076911791
ENSG00000179958,8.530001289330817
ENSG00000196584,5.956403931557086
ENSG00000197021,6.692500889736891
ENSG00000067533,7.256907822000494
ENSG00000092010,10.464185371464804
ENSG00000135632,8.404835764464123
ENSG00000230797,2.5508868509935816
ENSG00000176853,8.92499648126033
ENSG00000112312,7.098450595524948
ENSG00000157895,6.682988368074744
ENSG00000136868,7.933192509680826
ENSG00000215529,0.5377822761977007
ENSG00000168264,10.660770216836825
ENSG00000185442,7.607595572478713
ENSG00000015475,7.940192313228497
ENSG00000102531,8.406610991202898
ENSG00000157600,8.61346644259311
ENSG00000119523,8.014688160788218
ENSG00000163053,4.7233617878534275
ENSG00000059758,7.254683538155766
ENSG00000155229,9.015231127672894
ENSG00000133195,7.398280825443498
ENSG00000148153,7.51107585400955
ENSG00000065833,5.348318802371858
ENSG00000169087,6.212830733162023
ENSG00000157368,4.678440459205494
ENSG00000166987,9.253667271265577
ENSG00000135002,7.992036096237425
ENSG00000178252,9.532812292680601
ENSG00000144362,4.182526236774051
ENSG00000165244,5.803442002462549
ENSG00000178719,11.467924622529635
ENSG00000248592,0.9509028598068965
ENSG00000075856,8.319574108860655
ENSG00000153914,8.27491382635904
ENSG00000040633,8.238021396930007
ENSG00000101843,8.389071112123776
ENSG00000129292,8.522309248315988
ENSG00000029993,8.544625753962654
ENSG00000067191,5.9800673327612115
ENSG00000109220,6.362601761368069
ENSG00000111913,5.4302060728222825
ENSG00000102144,11.651545404517684
ENSG00000143365,6.5746357075475865
ENSG00000179912,8.06573759473194
ENSG00000166484,7.220160806737441
ENSG00000185608,7.914999718974657
ENSG00000102057,5.321050482502337
ENSG00000166924,4.033723378191716
ENSG00000049618,9.223666142399809
ENSG00000110801,5.156473814062502
ENSG00000160961,6.473187410657204
ENSG00000166965,6.6941370564331715
ENSG00000198707,5.943714491564822
ENSG00000144589,7.168801592477265
ENSG00000215041,6.400182496110029
ENSG00000174547,8.772637104517438
ENSG00000102054,9.853659453117514
ENSG00000067715,3.754720626102626
ENSG00000145907,10.295031845524369
ENSG00000104915,8.21140964926997
ENSG00000147224,7.46555372329172
ENSG00000146072,8.984661110582644
ENSG00000167524,4.857438205333226
ENSG00000244045,5.513664242704795
ENSG00000171421,7.561349857220238
ENSG00000196155,6.904380667419665
ENSG00000087095,6.940118240338813
ENSG00000165917,1.4102240542251154
ENSG00000145740,7.963046997448611
ENSG00000123131,9.458858578131267
ENSG00000167881,9.101752786746834
ENSG00000188938,8.387102432637802
ENSG00000136051,7.624534560942248
ENSG00000115221,6.227876096142866
ENSG00000153317,8.71984453315113
ENSG00000169727,9.998228968788911
ENSG00000147654,7.99311676624335
ENSG00000145817,8.368511494958256
ENSG00000009950,6.355047882646384
ENSG00000071553,10.420420232355381
ENSG00000110921,6.894433679126871
ENSG00000105127,7.83331405032045
ENSG00000107882,7.6904422169497515
ENSG00000179071,4.556492515310571
ENSG00000180921,10.479787764356779
ENSG00000080845,9.66143606610652
ENSG00000111361,8.572454296654216
ENSG00000225556,3.770822332930672
ENSG00000151148,8.393632525947531
ENSG00000168439,10.3409504405822
ENSG00000177963,9.328629016653966
ENSG00000126767,9.00157312073038
ENSG00000175305,4.071673879117366
ENSG00000134864,4.797862864099222
ENSG00000132561,8.308504676156716
ENSG00000101901,7.3330250331357565
ENSG00000089091,5.3211019273422915
ENSG00000104472,9.249716125358173
ENSG00000086061,10.47123054659902
ENSG00000179774,0.8176416535409917
ENSG00000183605,7.341475359748857
ENSG00000136643,7.263369591334988
ENSG00000156535,7.5933277244282955
ENSG00000131724,9.51896452004785
ENSG00000163220,7.388442233468549
ENSG00000101134,8.335872452908221
ENSG00000166164,8.538468415640496
ENSG00000175634,8.181021931271328
ENSG00000164828,9.437420697714971
ENSG00000196943,6.882237698184276
ENSG00000011451,9.686955676541205
ENSG00000167863,8.81927628432548
ENSG00000072609,7.267035945702918
ENSG00000127483,10.23937925217062
ENSG00000141179,7.048290081988046
ENSG00000171357,1.5751850576739388
ENSG00000177663,7.8006680281377845
ENSG00000185513,5.20102547697723
ENSG00000196458,6.79145002783819
ENSG00000086666,8.6115606555243
ENSG00000198482,5.109472641375244
ENSG00000088356,7.534250514732393
ENSG00000108839,3.628021048070785
ENSG00000174780,9.557125436662087
ENSG00000150977,6.568063692183351
ENSG00000107816,9.37611828297278
ENSG00000076641,5.898254211300434
ENSG00000012174,7.03000685208463
ENSG00000139697,8.265681565758584
ENSG00000136152,7.063906304819399
ENSG00000215193,8.332191860749901
ENSG00000137509,9.443131016267136
ENSG00000178372,2.61716617928431
ENSG00000188687,2.4180969510280725
ENSG00000179476,4.807539727224044
ENSG00000137492,8.65569781248827
ENSG00000166938,7.7287572888244505
ENSG00000102786,7.780235270356763
ENSG00000008256,7.690086025791194
ENSG00000101337,10.16599367991532
ENSG00000071894,10.222095587632749
ENSG00000072195,7.162915952867605
ENSG00000161542,7.909584364230074
ENSG00000206140,2.3252112412675707
ENSG00000103174,6.496822685191005
ENSG00000164825,6.341583348071487
ENSG00000180964,8.241903461382243
ENSG00000181026,6.4583934146648
ENSG00000173531,5.873059117614497
ENSG00000196150,7.425993340104924
ENSG00000100908,6.0564525941870135
ENSG00000042832,2.413471686375684
ENSG00000136875,8.19817227820537
ENSG00000075539,7.679604490348604
ENSG00000117713,10.213372254252503
ENSG00000081760,7.742011252539577
ENSG00000168234,7.2170529655465225
ENSG00000198205,4.732691375160316
ENSG00000171202,6.8150375477781395
ENSG00000145919,8.404306765813885
ENSG00000166685,7.321755578781994
ENSG00000205359,0.2950196717244305
ENSG00000014919,7.457527561860965
ENSG00000197363,7.151105513836495
ENSG00000166557,9.384710722125817
ENSG00000168916,7.423244228981768
ENSG00000185803,9.011447832048159
ENSG00000188293,0.6186661356684439
ENSG00000175606,7.265121978710284
ENSG00000025772,9.183807937843621
ENSG00000120833,4.227930049898238
ENSG00000130939,9.00327804352984
ENSG00000134574,6.952934103593278
ENSG00000136238,11.196625946308732
ENSG00000196465,7.964446554323595
ENSG00000025293,8.409989886719842
ENSG00000166004,5.792770992241121
ENSG00000240445,3.716226304829452
ENSG00000175229,4.047239880643988
ENSG00000142330,6.696765633426668
ENSG00000150471,3.880864798061572
ENSG00000130304,8.390694941051228
ENSG00000170049,3.842956500798091
ENSG00000137285,3.6318011597333872
ENSG00000171155,7.580751132092011
ENSG00000008300,5.582865082136527
ENSG00000162390,6.040305467089416
ENSG00000188706,9.028518690352014
ENSG00000169180,9.482590293396486
ENSG00000175395,5.968494193365459
ENSG00000149357,9.857113503153634
ENSG00000118298,3.790459938318046
ENSG00000082512,6.911758164173858
ENSG00000112149,6.531625722910165
ENSG00000187867,6.059669955687134
ENSG00000184216,9.862635346673732
ENSG00000130518,6.964849718519716
ENSG00000088280,7.761152241534983
ENSG00000184209,6.742944457614366
ENSG00000108474,5.418908912461191
ENSG00000143437,8.585994340339036
ENSG00000141524,8.826670783184106
ENSG00000170837,6.943297722754049
ENSG00000079819,8.507257468109893
ENSG00000130173,0.13223869782872139
ENSG00000148248,10.657414106962667
ENSG00000182749,6.5487111375676825
ENSG00000122008,6.051916965135049
ENSG00000076513,8.154810894052247
ENSG00000069998,7.4118489196971415
ENSG00000140839,3.0268471421287804
ENSG00000101187,4.005804040258507
ENSG00000130935,8.46498031145013
ENSG00000123159,10.464350377890081
ENSG00000160948,10.162566247565296
ENSG00000169813,10.538139622504094
ENSG00000132541,6.613221700753639
ENSG00000182108,4.763888589681053
ENSG00000177192,7.238533881821428
ENSG00000110925,8.30243777369567
ENSG00000174672,2.8399712353784294
ENSG00000148690,6.656872778956112
ENSG00000203667,2.5769834418287805
ENSG00000140416,9.313115400493139
ENSG00000243696,2.247086892840414
ENSG00000153294,1.4414645239447306
ENSG00000119318,10.156153956033853
ENSG00000072501,9.248896063647045
ENSG00000166803,6.155755757020127
ENSG00000198455,6.682375625289202
ENSG00000133812,7.239938055492839
ENSG00000089094,8.097531534844437
ENSG00000143847,5.439491274641744
ENSG00000103091,7.49555753753172
ENSG00000196220,8.3648358132698
ENSG00000109046,8.615278239953525
ENSG00000152684,7.128344049668484
ENSG00000135119,5.967695028574755
ENSG00000197620,6.0697639509246795
ENSG00000076864,8.302838826207646
ENSG00000115041,6.212570326437439
ENSG00000099331,9.607602917330377
ENSG00000055483,8.628343257490405
ENSG00000149564,6.710437011615691
ENSG00000130560,8.350743248117986
ENSG00000103227,6.068917536156996
ENSG00000136463,7.019492862029957
ENSG00000162461,3.423092311971731
ENSG00000011009,9.216458412472791
ENSG00000113966,5.7525990156318
ENSG00000111011,8.538809770474982
ENSG00000017260,9.431998052680031
ENSG00000140374,8.366957029454309
ENSG00000134318,8.176481879742079
ENSG00000055955,0.4556186588829875
ENSG00000136628,9.5427150177396
ENSG00000168612,7.16623900987649
ENSG00000172765,8.062624717184303
ENSG00000189045,1.2347652425514648
ENSG00000205423,6.184172699167463
ENSG00000174446,6.972295851892223
ENSG00000205981,8.461975153656125
ENSG00000165886,7.922111846014587
ENSG00000198003,4.509025731396519
ENSG00000149257,11.173584197418009
ENSG00000183971,6.055412714154275
ENSG00000166349,3.0106397453882954
ENSG00000120800,7.212482314544867
ENSG00000176915,9.127368473185696
ENSG00000004139,5.546947356563745
ENSG00000101470,1.9389471308242336
ENSG00000099999,6.27521899595179
ENSG00000120509,8.523133907426754
ENSG00000167535,7.7594679392593155
ENSG00000141527,4.614947324105553
ENSG00000206535,4.909904293761873
ENSG00000116691,8.145248235774794
ENSG00000135336,7.7991865234819375
ENSG00000185813,8.283495962305343
ENSG00000131828,8.799514117752217
ENSG00000134070,4.8056430767602265
ENSG00000167792,10.076702403856714
ENSG00000143178,5.376135894468501
ENSG00000166847,8.620481412742526
ENSG00000165283,9.564913919475499
ENSG00000142082,6.924251142335652
ENSG00000080189,9.158773747637348
ENSG00000169895,8.755250442383645
ENSG00000173662,1.5353724766697694
ENSG00000225828,4.77093439089944
ENSG00000178921,7.4856672213025215
ENSG00000069329,9.821907885911655
ENSG00000161533,8.462469269947372
ENSG00000107819,7.721509079543636
ENSG00000214402,2.017805051470085
ENSG00000166377,6.66933261571413
ENSG00000189108,0.4156526327128379
ENSG00000203499,7.612830297893464
ENSG00000164576,7.74749283173737
ENSG00000009335,9.188829340283869
ENSG00000235173,8.546028236257003
ENSG00000258472,0.04753365758049252
ENSG00000244187,6.678367817381562
ENSG00000166503,7.8008382803774925
ENSG00000109182,0.5025436595219135
ENSG00000198380,9.072522802395838
ENSG00000132510,8.629742935287421
ENSG00000138386,8.750747804461307
ENSG00000176595,3.516186120826975
ENSG00000198833,8.9908527870127255
ENSG00000150779,8.29747989425362
ENSG00000163913,8.332841584982916
ENSG00000185298,7.283529062659364
ENSG00000104529,9.460826560625126
ENSG00000127838,10.269407773088576
ENSG00000184281,7.442494419274141
ENSG00000164048,6.393464690407689
ENSG00000146281,7.945907908298841
ENSG00000170085,7.385040241636777
ENSG00000164331,6.218529053076758
ENSG00000141522,10.117073271938343
ENSG00000130713,7.282875313082614
ENSG00000100979,10.63776359680333
ENSG00000120526,7.668916467260117
ENSG00000167552,10.176861880839274
ENSG00000155980,4.72132269890571
ENSG00000215421,5.796100237924459
ENSG00000157322,1.3263621284195335
ENSG00000133131,6.38972087535849
ENSG00000174851,9.32513109893732
ENSG00000074054,8.611780696833398
ENSG00000177098,3.859773482845264
ENSG00000158815,2.1301040488835543
ENSG00000014164,9.083881223665955
ENSG00000125352,6.51605303681239
ENSG00000148985,8.110670734072196
ENSG00000091651,6.168258009305178
ENSG00000154305,8.57378415853856
ENSG00000175084,5.4915790421046
ENSG00000113391,7.3276245161567735
ENSG00000185730,6.796996740883899
ENSG00000107821,5.8170340043031805
ENSG00000152253,6.226689421877606
ENSG00000133789,7.68673183215687
ENSG00000170315,8.929469812630648
ENSG00000130066,10.477450679303756
ENSG00000136161,6.537205297402077
ENSG00000100526,6.671012586624227
ENSG00000160113,10.338412739267593
ENSG00000182095,10.5051710351792
ENSG00000149231,7.109393362678541
ENSG00000065615,6.047605793933091
ENSG00000120868,6.207048918295419
ENSG00000182054,10.215320477055267
ENSG00000054523,9.106591031264207
ENSG00000026652,5.996797624161395
ENSG00000204161,3.850417639175174
ENSG00000136213,7.479442158788129
ENSG00000213949,7.152332182626325
ENSG00000185163,7.31935873636066
ENSG00000196233,8.156293589621594
ENSG00000078304,9.48357842286169
ENSG00000184983,8.35242311264524
ENSG00000179532,6.015463693255097
ENSG00000110171,6.021116785232904
ENSG00000204370,9.309685561021944
ENSG00000164039,6.481753481945563
ENSG00000106404,6.081329534121471
ENSG00000213923,8.334998085529888
ENSG00000090470,7.412937179965079
ENSG00000165490,6.1745457620805615
ENSG00000155330,5.77185831549069
ENSG00000056586,8.19458009580231
ENSG00000131263,8.377975638774767
ENSG00000157107,7.186060132534897
ENSG00000143376,8.152346432915131
ENSG00000109079,8.29823218764952
ENSG00000167085,9.19325420630714
ENSG00000145730,9.633190303902317
ENSG00000236782,0.9040481410309368
ENSG00000254726,8.748433967591511
ENSG00000133193,6.82397259384341
ENSG00000081320,8.041670634340198
ENSG00000140279,2.2582764902721792
ENSG00000183914,5.00044079795426
ENSG00000158062,8.043033378117526
ENSG00000135046,10.345474908926207
ENSG00000135093,7.063876059923492
ENSG00000155792,8.167746868855142
ENSG00000236287,7.979605039395965
ENSG00000168734,8.118416371437714
ENSG00000099377,7.025377908155653
ENSG00000155660,11.087099460338301
ENSG00000196260,0.29396700902935957
ENSG00000185947,6.174841805974109
ENSG00000067829,8.838643203883807
ENSG00000135406,1.3522058524483684
ENSG00000101350,8.84518481564711
ENSG00000166037,7.74751511284938
ENSG00000135018,9.39686300341832
ENSG00000258986,0.2247374742676524
ENSG00000162994,4.802287550871816
ENSG00000141401,7.732775085370401
ENSG00000033627,8.014351202825498
ENSG00000011275,8.512270133211151
ENSG00000130294,8.293389820638321
ENSG00000127585,6.5247462989602
ENSG00000188343,7.163442170739044
ENSG00000114841,6.0484764598645295
ENSG00000003987,3.5242183473950734
ENSG00000164978,6.241306568976403
ENSG00000162618,5.5556882292831915
ENSG00000109743,5.338653038818218
ENSG00000100528,9.338820423118444
ENSG00000186908,6.864377041437323
ENSG00000197006,9.496520232308203
ENSG00000087510,7.616208848324335
ENSG00000186648,3.1791334106603326
ENSG00000075618,9.876410557248436
ENSG00000167566,8.369679682468377
ENSG00000169762,6.928472136705214
ENSG00000184677,7.4175828374225325
ENSG00000188612,10.25327785071436
ENSG00000126603,8.333843720130687
ENSG00000136856,6.86947844050083
ENSG00000143546,4.973179582625724
ENSG00000136827,8.258129552633552
ENSG00000106633,3.122897013982124
ENSG00000076067,8.74244983691575
ENSG00000046647,6.445263745608876
ENSG00000157349,5.907356472009895
ENSG00000221947,2.897249488595476
ENSG00000106144,8.896224331873736
ENSG00000150455,4.357415489686665
ENSG00000108262,9.170406155640896
ENSG00000226979,1.9103853434878553
ENSG00000139178,8.445472618796774
ENSG00000090263,7.837404695148806
ENSG00000187566,5.71695412878483
ENSG00000124181,8.449427831164376
ENSG00000166317,2.3055875036211217
ENSG00000010322,9.310586334365185
ENSG00000188051,4.375471797472089
ENSG00000169188,8.258190746646523
ENSG00000221886,5.668500493436919
ENSG00000240230,6.584527774700891
ENSG00000124275,7.702374255462596
ENSG00000196542,3.117974881390747
ENSG00000151327,7.925123613318454
ENSG00000167612,0.2568322097502154
ENSG00000198677,8.243892103672259
ENSG00000105929,1.3095992680324837
ENSG00000072778,9.968216773761961
ENSG00000155393,6.519334538343323
ENSG00000196090,2.211864825649089
ENSG00000074266,7.216344114303837
ENSG00000115548,8.773200472612052
ENSG00000130741,10.591249568162084
ENSG00000158161,7.818881752459232
ENSG00000101342,2.571304797996468
ENSG00000204991,5.890879092663774
ENSG00000090686,8.325276254307878
ENSG00000170584,7.666528771430156
ENSG00000203546,2.0684152816733983
ENSG00000131711,7.974816820550278
ENSG00000105176,9.653572020515128
ENSG00000117280,7.0901872565531
ENSG00000077721,8.559608098999831
ENSG00000152926,7.056999446495142
ENSG00000111058,6.229406266282861
ENSG00000140575,10.922471581719712
ENSG00000166135,8.083623796761572
ENSG00000160471,1.579393395888463
ENSG00000122970,6.5240085888686306
ENSG00000105219,3.4549789341242567
ENSG00000085511,6.9305599352629486
ENSG00000128185,7.9182028882464435
ENSG00000183145,2.6607200875115327
ENSG00000239704,1.1534119308884863
ENSG00000198843,9.63852734499674
ENSG00000114853,7.125654193324187
ENSG00000084092,8.403839383599434
ENSG00000132793,7.237825402038538
ENSG00000169962,3.4956568834451414
ENSG00000109089,9.23179469273576
ENSG00000154803,6.893854857871098
ENSG00000197283,8.300869751166509
ENSG00000140612,9.522648130844033
ENSG00000182670,9.796078807420319
ENSG00000142751,7.3922726067306135
ENSG00000120279,3.9290189649561404
ENSG00000151014,4.835066071002105
ENSG00000157335,0.5736100512896779
ENSG00000168569,7.7209875135291055
ENSG00000127527,8.425551690342706
ENSG00000102393,7.180474969624046
ENSG00000182180,9.104729701336712
ENSG00000105866,6.322586885221803
ENSG00000119471,8.049177804693846
ENSG00000089053,9.674635837686829
ENSG00000189184,5.813508425494216
ENSG00000108578,7.012944364643112
ENSG00000088854,6.834259186968571
ENSG00000171401,1.0738073536793553
ENSG00000083312,8.973621429289704
ENSG00000078043,7.8718996420763405
ENSG00000163975,7.191052976122265
ENSG00000239282,2.2049648576783323
ENSG00000089009,12.540545762232925
ENSG00000122512,6.369112471691719
ENSG00000108443,7.297483390951014
ENSG00000189376,4.866862517356343
ENSG00000090447,7.523580862267185
ENSG00000198169,7.747799873336797
ENSG00000113732,10.133039052599596
ENSG00000176563,2.5110766637662496
ENSG00000175727,9.3461899066142
ENSG00000151779,8.094896195894687
ENSG00000167280,6.675595572237166
ENSG00000163794,1.7684990322663343
ENSG00000185038,2.105005453675605
ENSG00000139687,8.284374327765057
ENSG00000147687,7.670937021382511
ENSG00000172530,6.783312674103999
ENSG00000246705,7.853370544854563
ENSG00000168672,8.86224104443007
ENSG00000131943,8.003276257336497
ENSG00000138439,7.49782770419999
ENSG00000040933,7.395744935069334
ENSG00000166024,6.113126945781306
ENSG00000259224,0.16398365200476764
ENSG00000074855,7.338274412218084
ENSG00000258839,3.5286178437175204
ENSG00000140577,8.2339403451895
ENSG00000099910,6.905297892748165
ENSG00000177943,5.547416774357901
ENSG00000140534,6.154243500784547
ENSG00000162065,6.9738854339982765
ENSG00000168096,6.36591199929103
ENSG00000112308,9.609202956066259
ENSG00000120693,4.598093671062215
ENSG00000059588,8.011288540318498
ENSG00000233198,2.5237781346907373
ENSG00000090857,7.567850420919774
ENSG00000018625,2.7647851974765323
ENSG00000012822,9.060627391701638
ENSG00000135482,5.7302023428768445
ENSG00000130363,7.087974897699716
ENSG00000143512,1.1218874212573944
ENSG00000172893,9.153701312254524
ENSG00000071889,8.599572756797384
ENSG00000101986,7.942160411914007
ENSG00000143320,11.485486801830696
ENSG00000169744,5.43896323800993
ENSG00000139433,8.273171615314878
ENSG00000154832,8.240036985978104
ENSG00000196459,6.793350195937046
ENSG00000129245,7.648005462092991
ENSG00000151790,4.861203788979342
ENSG00000160117,4.305507135452043
ENSG00000004142,9.297042432516534
ENSG00000172531,10.553526193807958
ENSG00000111725,8.020060490086069
ENSG00000101104,7.938485784623659
ENSG00000077454,7.03007803170538
ENSG00000108179,9.50383082647793
ENSG00000163655,9.444629277971343
ENSG00000131899,8.108013394928939
ENSG00000198961,8.83492071362931
ENSG00000187048,1.654961622883553
ENSG00000123815,8.134052112782497
ENSG00000141568,9.23542995206502
ENSG00000124795,10.207168525379924
ENSG00000143434,6.835297596618093
ENSG00000168811,3.3479202789537497
ENSG00000187997,0.6082475604920031
ENSG00000131653,9.75463087448278
ENSG00000114455,0.4235951089523557
ENSG00000104341,12.113649642025553
ENSG00000060656,9.274833407659093
ENSG00000124120,7.390995105957464
ENSG00000073921,9.788265418351836
ENSG00000176381,1.2473776236659386
ENSG00000005700,7.806574691986512
ENSG00000253304,3.8460150485267492
ENSG00000176435,5.710478591699456
ENSG00000125450,8.146664047603323
ENSG00000170801,6.536755750429665
ENSG00000139269,0.8025038600139922
ENSG00000244274,3.4225240817627265
ENSG00000123352,7.613645890459854
ENSG00000164291,5.938132163533028
ENSG00000185664,4.197744254802444
ENSG00000128683,2.4197461501901043
ENSG00000091513,2.190357052693081
ENSG00000106714,1.648630186475118
ENSG00000187837,8.205078073064222
ENSG00000152422,5.424672062203516
ENSG00000085365,8.325029644943422
ENSG00000124588,7.028355698220199
ENSG00000188760,4.456985936922219
ENSG00000113648,10.245905157170204
ENSG00000089123,6.22831325682324
ENSG00000089234,7.476477977336774
ENSG00000060140,3.8201911289062034
ENSG00000162391,1.2839679293546207
ENSG00000134215,6.7169876879256245
ENSG00000137135,6.154562920571061
ENSG00000138002,8.405142535027698
ENSG00000085840,5.708722244410076
ENSG00000137496,6.42880855212823
ENSG00000163125,9.86905394002598
ENSG00000137310,7.536298376216296
ENSG00000150687,9.020909920198177
ENSG00000188732,5.904040856435334
ENSG00000111181,6.056995853493678
ENSG00000148120,8.132102051582208
ENSG00000132842,8.033766006258595
ENSG00000147155,6.711642384179333
ENSG00000138834,8.252058404150288
ENSG00000174606,7.457259822407498
ENSG00000166016,5.8486352115558455
ENSG00000125967,8.670166424531795
ENSG00000139645,8.857912928808881
ENSG00000108679,12.961529248489589
ENSG00000131044,3.5270937600336514
ENSG00000196510,8.341721496505043
ENSG00000171848,8.306598285265254
ENSG00000214357,7.770652380015815
ENSG00000111348,8.795377371664125
ENSG00000066629,6.6045298223422915
ENSG00000185344,7.228569090293233
ENSG00000171824,8.261818598161996
ENSG00000128656,6.688636256089065
ENSG00000113318,6.605261007158648
ENSG00000048162,7.09974062990458
ENSG00000105270,8.146690779378073
ENSG00000168781,6.394440188684282
ENSG00000154124,6.894544453767756
ENSG00000115421,7.39261301284334
ENSG00000119900,7.0571555102129
ENSG00000259305,0.29238334685382456
ENSG00000037637,8.059833433371168
ENSG00000142784,9.60560822248751
ENSG00000149218,8.232418396873332
ENSG00000136982,6.438565925978019
ENSG00000122779,8.11416976926856
ENSG00000165240,6.338711848041542
ENSG00000080561,5.770857473737222
ENSG00000101109,8.24212854255621
ENSG00000178980,9.913202505791158
ENSG00000111802,7.995899460102046
ENSG00000188191,7.757889284727856
ENSG00000181191,7.612247977685391
ENSG00000134444,7.115407646903042
ENSG00000142676,12.449466878536498
ENSG00000168038,5.5477606639066535
ENSG00000062716,9.990200796786267
ENSG00000162654,7.759273680567135
ENSG00000037241,7.081481077227277
ENSG00000014138,5.191459753504954
ENSG00000132906,6.8020108180529135
ENSG00000122679,4.1990907603233465
ENSG00000101888,7.3914648602878765
ENSG00000100479,5.48967385375376
ENSG00000163939,8.236740748873784
ENSG00000162813,7.8240534373017345
ENSG00000126895,3.0455532320831646
ENSG00000131979,5.666907925760621
ENSG00000143702,6.811649700503315
ENSG00000113719,10.59284448591009
ENSG00000100865,7.549493024360176
ENSG00000132024,8.972066958319228
ENSG00000166272,8.787519879231894
ENSG00000157017,1.9252467639299085
ENSG00000112304,6.810958335979618
ENSG00000119414,8.696946301346117
ENSG00000166169,7.585676702866866
ENSG00000129636,8.253950976942663
ENSG00000164924,12.676479882758832
ENSG00000132840,2.812359345039926
ENSG00000149761,7.122941113826303
ENSG00000160703,7.251555308316114
ENSG00000132294,9.117346529445053
ENSG00000149328,7.750313386255249
ENSG00000177885,9.681856902374683
ENSG00000179348,4.263855739505184
ENSG00000117266,8.511533652355414
ENSG00000137601,5.66007835213194
ENSG00000166260,7.583452539273537
ENSG00000150768,8.01780661786052
ENSG00000188690,8.325198072522767
ENSG00000124251,2.3092327399763084
ENSG00000102030,7.038744172462594
ENSG00000138246,8.489254809180915
ENSG00000064201,3.3191882742515113
ENSG00000086712,7.2587820101317115
ENSG00000178202,7.628673195390933
ENSG00000123728,7.28580066737236
ENSG00000117614,8.565993982085011
ENSG00000090612,6.896663204644408
ENSG00000143549,11.499597752795516
ENSG00000159322,8.400946535081571
ENSG00000155111,7.431206813092366
ENSG00000107815,6.957174546809392
ENSG00000128973,7.160613445149845
ENSG00000157766,2.604872471650442
ENSG00000117597,8.074464106965044
ENSG00000180834,2.0240096161650634
ENSG00000149554,7.037727841134177
ENSG00000106258,5.1417600941309525
ENSG00000120963,9.089368804907803
ENSG00000185101,7.74538439770574
ENSG00000165685,2.674506983663019
ENSG00000174059,7.611269278664684
ENSG00000102384,5.009134909751693
ENSG00000120337,0.5686370494131957
ENSG00000163704,6.919370078706339
ENSG00000102309,7.061882088955248
ENSG00000103160,6.789979785570611
ENSG00000177169,8.854355097506012
ENSG00000159214,7.146397727172207
ENSG00000165678,9.819813994874469
ENSG00000197451,10.037444280858299
ENSG00000114742,8.405791460558081
ENSG00000185504,8.57878982598082
ENSG00000206561,3.6293381179169146
ENSG00000007392,7.596029525941571
ENSG00000149313,8.000842391606522
ENSG00000182484,6.218163224946452
ENSG00000112695,9.869459527742661
ENSG00000049883,6.085358301807722
ENSG00000082701,8.889490406574613
ENSG00000205832,0.9240525631277697
ENSG00000196911,5.785062667875871
ENSG00000165704,7.956910998925626
ENSG00000078967,7.146650952767761
ENSG00000165072,4.202640820310721
ENSG00000139579,8.426590887148828
ENSG00000264364,8.96376679999875
ENSG00000138107,9.12788359607118
ENSG00000104412,7.7088328984353724
ENSG00000119446,7.4250629281610445
ENSG00000203685,3.3740161577133434
ENSG00000124160,8.675481689976602
ENSG00000141837,6.575756232681697
ENSG00000159958,3.7422185477322394
ENSG00000163946,8.817250579046119
ENSG00000182580,8.475754388535561
ENSG00000221946,3.1484597387305424
ENSG00000232810,4.7835486984547995
ENSG00000103249,8.40100113995891
ENSG00000047634,5.717682931759761
ENSG00000175899,10.51110950771204
ENSG00000131051,10.123666382051514
ENSG00000160991,8.023488015205377
ENSG00000205129,3.7717327173632342
ENSG00000135074,6.110321521997398
ENSG00000103184,1.808044045363878
ENSG00000048028,8.236218508960338
ENSG00000196678,5.829234972869896
ENSG00000153904,8.435643255849577
ENSG00000136521,9.730390774320316
ENSG00000112319,4.942081597778142
ENSG00000141956,6.8257690567408424
ENSG00000122335,5.8173589212063375
ENSG00000181790,4.0877811256598955
ENSG00000078902,8.388754270788118
ENSG00000113070,6.069386535947564
ENSG00000106009,8.553416500011696
ENSG00000113013,10.517484610260455
ENSG00000198805,7.382197960626482
ENSG00000224420,3.333763446210601
ENSG00000105379,6.129501691616219
ENSG00000094804,6.473485597190821
ENSG00000166997,5.637678654197643
ENSG00000182628,8.389802401675054
ENSG00000139651,7.802903956404516
ENSG00000100592,7.5135603517683105
ENSG00000140553,8.627201119196068
ENSG00000156469,7.378627568375859
ENSG00000198920,6.856349265206247
ENSG00000134258,8.788136479427475
ENSG00000073578,6.169886140862131
ENSG00000160410,9.506584294929109
ENSG00000158480,7.542870435672044
ENSG00000186480,7.8297352255681085
ENSG00000176896,4.542326050299726
ENSG00000167371,3.725916314645335
ENSG00000135503,8.777406583338232
ENSG00000213186,6.616807734182308
ENSG00000119396,9.122422682000288
ENSG00000111664,2.4688455632696322
ENSG00000196071,0.23927940908962644
ENSG00000144063,2.9341494160535335
ENSG00000047579,6.860600401010209
ENSG00000111676,11.748651929908918
ENSG00000189157,3.558654609224549
ENSG00000164818,8.56976272981621
ENSG00000038210,6.842561525086775
ENSG00000134852,7.943052872712713
ENSG00000065548,8.914936063154721
ENSG00000188886,2.1878883550154313
ENSG00000177225,8.209719928003974
ENSG00000049656,9.775477886631068
ENSG00000094841,5.725814252623049
ENSG00000129562,10.13313748260146
ENSG00000188493,7.462798740721108
ENSG00000135912,7.841513438232471
ENSG00000186468,10.193875286433325
ENSG00000234127,8.90547278982259
ENSG00000130175,11.766853635584766
ENSG00000196476,7.308078520858605
ENSG00000078401,5.753387806430375
ENSG00000145715,6.944082986732603
ENSG00000153086,0.2707989963829465
ENSG00000175895,7.675672191509739
ENSG00000143442,9.510548421440548
ENSG00000077150,8.919945118825115
ENSG00000163482,8.099920737031642
ENSG00000175536,5.189684688659039
ENSG00000059728,7.0979608681539
ENSG00000160741,9.068271499205775
ENSG00000129437,4.856526925165951
ENSG00000115009,4.486978682947429
ENSG00000214655,7.9507560055258315
ENSG00000110047,9.014168506830936
ENSG00000183397,3.0187789496014092
ENSG00000116127,7.484384454818926
ENSG00000178385,6.576382361192029
ENSG00000164007,1.4595661354134912
ENSG00000107611,3.4073390818782188
ENSG00000182256,3.1840836795814926
ENSG00000103269,4.0693651910592825
ENSG00000169379,7.273799840453824
ENSG00000078596,5.312020729612201
ENSG00000140471,6.142225536377029
ENSG00000140481,4.463870174832399
ENSG00000173991,1.493295414246239
ENSG00000141551,9.656014989405117
ENSG00000170270,6.765638487240385
ENSG00000184557,9.386031815613567
ENSG00000114771,4.069066857184251
ENSG00000171962,4.939568794927172
ENSG00000172071,7.141924560586938
ENSG00000166436,6.0527984921075735
ENSG00000099958,4.786821025808572
ENSG00000162981,6.171864046448806
ENSG00000134996,7.259266613687685
ENSG00000197183,9.386083022496774
ENSG00000164916,8.410324447257368
ENSG00000179776,6.59941588102921
ENSG00000121274,6.652230798698077
ENSG00000101367,9.803435734911362
ENSG00000164961,8.651100894353563
ENSG00000169562,6.965970539813651
ENSG00000140600,2.470638065500921
ENSG00000047932,7.587536975761328
ENSG00000173198,3.1793785538505
ENSG00000165494,7.9602823431569
ENSG00000197935,4.4173618892421365
ENSG00000147799,8.493835639431186
ENSG00000131507,10.239573310145133
ENSG00000102302,6.626646439447582
ENSG00000255508,4.191330138737175
ENSG00000185043,8.848562846632671
ENSG00000141736,10.426864777526859
ENSG00000107362,6.502121318399497
ENSG00000131788,8.483103259143668
ENSG00000235387,3.299518751380543
ENSG00000119547,2.8127562768197354
ENSG00000186832,4.2045149934375585
ENSG00000106554,8.850187134811213
ENSG00000147421,6.330013613816393
ENSG00000182606,8.991600869697344
ENSG00000181638,6.4881625969852195
ENSG00000198718,7.010030698556045
ENSG00000185436,5.918984190635633
ENSG00000088298,8.414978456394477
ENSG00000175662,7.728678362440657
ENSG00000198176,9.421970314116969
ENSG00000214029,5.05702330361684
ENSG00000188404,5.015288333193699
ENSG00000224531,6.643793875522476
ENSG00000124193,9.696703463205484
ENSG00000161328,5.705915465603533
ENSG00000151276,7.878341641788305
ENSG00000196455,7.810431415695978
ENSG00000183323,6.148966912229158
ENSG00000156011,6.023217974895693
ENSG00000086062,10.35984132970879
ENSG00000197165,1.2581163129534703
ENSG00000182512,8.898076837407046
ENSG00000126467,0.16888361754728634
ENSG00000165879,5.302424168934136
ENSG00000100897,8.912499337058472
ENSG00000185875,6.905497890774956
ENSG00000143801,2.8615427346958557
ENSG00000130921,7.179590426733366
ENSG00000113643,8.652676470793958
ENSG00000166579,7.835424790611367
ENSG00000196689,5.249835985954925
ENSG00000100764,7.453189410166382
ENSG00000139194,3.895599007439246
ENSG00000183495,8.611238555542316
ENSG00000184613,4.581528822156596
ENSG00000147400,9.204369665839739
ENSG00000168952,7.10344704372949
ENSG00000171722,0.20267938190022247
ENSG00000114993,9.180071046410662
ENSG00000135047,9.217769169040494
ENSG00000119411,6.862924451897879
ENSG00000157510,5.8532480879205595
ENSG00000126903,8.609368600208464
ENSG00000197345,8.407035975279129
ENSG00000215182,1.4464895553251276
ENSG00000085382,6.026192700291004
ENSG00000134153,8.093730507504365
ENSG00000166148,4.21564512685346
ENSG00000135744,2.795095499419613
ENSG00000172053,10.363188767153117
ENSG00000102225,10.741210369386117
ENSG00000104267,5.641202506565633
ENSG00000173653,7.806677043316788
ENSG00000184465,5.855728834785402
ENSG00000007541,8.090211138193533
ENSG00000179195,10.216361298767788
ENSG00000157890,2.972340108155503
ENSG00000184436,7.467884951289078
ENSG00000128881,5.352806664854759
ENSG00000175970,7.684320980452482
ENSG00000130540,3.7100657916560276
ENSG00000095464,0.9330069409165342
ENSG00000139364,4.0835333880462485
ENSG00000148290,7.641881831487944
ENSG00000178952,10.256298098649548
ENSG00000114316,8.987724264094973
ENSG00000012963,7.791908033392622
ENSG00000185133,5.712418111356422
ENSG00000104774,8.894729720108348
ENSG00000141504,7.208595459023264
ENSG00000183742,6.9878481031316
ENSG00000002586,9.700953244450524
ENSG00000108479,6.920934170153276
ENSG00000187630,6.095808711881252
ENSG00000130477,3.299120241525461
ENSG00000182173,7.9786757691010495
ENSG00000180257,5.672357191455984
ENSG00000213859,6.6051693477120885
ENSG00000001461,7.990650445916289
ENSG00000115275,9.054679318546413
ENSG00000054267,8.276746188567941
ENSG00000005801,7.487367258957014
ENSG00000164761,5.6189760520287075
ENSG00000196177,6.7564198537452915
ENSG00000171631,5.836932209295776
ENSG00000205364,3.5829296479581396
ENSG00000197081,9.200418520512947
ENSG00000006756,8.40777883119402
ENSG00000163956,9.728601635486104
ENSG00000125846,6.844902637263856
ENSG00000165195,5.8201806873588415
ENSG00000077097,9.590470498839712
ENSG00000162972,6.743565594797772
ENSG00000065357,6.862770347965148
ENSG00000174749,4.470929186747266
ENSG00000050426,8.359631326048362
ENSG00000144535,7.384712755411756
ENSG00000183696,6.094491068528971
ENSG00000106615,10.175889744875347
ENSG00000047056,7.19356590013984
ENSG00000131023,7.565228694414596
ENSG00000099899,7.482635483657367
ENSG00000079432,10.342308171316825
ENSG00000102178,8.59974513087377
ENSG00000095321,7.504538772538863
ENSG00000003147,6.928021100761395
ENSG00000118873,8.244803861474033
ENSG00000171045,7.1728219754276505
ENSG00000187531,7.229292674035373
ENSG00000204856,5.521262638439707
ENSG00000232859,4.192119064527948
ENSG00000082805,8.801537884980945
ENSG00000135272,6.434615172422637
ENSG00000159461,8.946114350918688
ENSG00000165280,10.571201340581807
ENSG00000072274,9.89894983013971
ENSG00000232653,1.7814435645400413
ENSG00000074181,10.850065509373298
ENSG00000120093,7.101988690898331
ENSG00000243244,6.815263004157874
ENSG00000183826,7.159882373935474
ENSG00000187713,7.8780739810925775
ENSG00000118922,6.813425091078952
ENSG00000176386,5.988410238025738
ENSG00000137857,5.244945789617756
ENSG00000108256,8.875352649367427
ENSG00000144036,6.8088549315619336
ENSG00000101204,0.33953702259467633
ENSG00000106536,1.8567646265473008
ENSG00000186998,7.995496106798765
ENSG00000196531,11.269708320903002
ENSG00000121594,2.0817759606063064
ENSG00000103148,8.889595904279094
ENSG00000101346,9.56205564510213
ENSG00000130830,6.534883807788265
ENSG00000241058,5.86659900073397
ENSG00000106524,6.238883836423311
ENSG00000177030,8.185161239637596
ENSG00000173933,6.613753983646348
ENSG00000112787,9.820979222288281
ENSG00000184831,6.874678760114204
ENSG00000051596,7.302217171631546
ENSG00000149179,8.40824254744857
ENSG00000157554,5.231752130604208
ENSG00000109083,6.312257926538863
ENSG00000068305,8.169153870079741
ENSG00000138449,9.797226738956793
ENSG00000076003,8.499711185546074
ENSG00000156218,4.109863216451056
ENSG00000124177,8.795222663831112
ENSG00000148795,1.9626308260224505
ENSG00000140403,6.6654550553919405
ENSG00000108960,6.930207598891292
ENSG00000169738,9.082021348922051
ENSG00000165091,2.7421373390405166
ENSG00000171703,9.100808647547874
ENSG00000171236,6.117804715490872
ENSG00000111199,5.41270552985116
ENSG00000089163,2.9533698269485273
ENSG00000100372,7.24672936145666
ENSG00000167210,0.5892722626119632
ENSG00000176340,9.519056170293686
ENSG00000118194,1.673521960382349
ENSG00000167216,5.245852196491794
ENSG00000103043,8.810265019041745
ENSG00000148335,6.075551691902988
ENSG00000069509,6.624122632716846
ENSG00000139370,7.247002464901051
ENSG00000157087,5.664220824607006
ENSG00000175283,7.182733055902481
ENSG00000156873,7.981877734530007
ENSG00000124194,0.6748176784081023
ENSG00000172889,6.4226636936253065
ENSG00000099940,7.594417169487944
ENSG00000225921,8.674317022534632
ENSG00000023318,9.337228754476412
ENSG00000187556,2.812222231445472
ENSG00000145335,3.6575619048191985
ENSG00000185247,1.1975614198773987
ENSG00000129559,8.154364719249319
ENSG00000232119,8.0078316406620491
ENSG00000162645,8.013431695520387
ENSG00000143106,9.292730158838232
ENSG00000177971,7.246587567018668
ENSG00000205683,3.8958783913943393
ENSG00000087263,7.655966187507365
ENSG00000219545,5.871699327916305
ENSG00000080824,12.616942421558916
ENSG00000106028,9.118050098260218
ENSG00000049759,7.8277109224908425
ENSG00000182272,7.812987338297873
ENSG00000122025,0.8120329489916082
ENSG00000254087,8.139246537160668
ENSG00000008405,7.0882134446834195
ENSG00000184497,5.081136042941875
ENSG00000163623,3.332988243942248
ENSG00000117472,7.695748137932912
ENSG00000125991,11.415587941678414
ENSG00000163395,0.45048777505298526
ENSG00000188895,8.867120464305799
ENSG00000196417,6.173640593322809
ENSG00000213347,6.381077184160525
ENSG00000116096,7.564071034510505
ENSG00000129518,8.121982501152669
ENSG00000174326,2.9475700669521845
ENSG00000136874,7.623602599351751
ENSG00000162413,7.77266471005524
ENSG00000188033,5.168782214647064
ENSG00000033030,7.367605606143025
ENSG00000184232,8.190462160558932
ENSG00000198554,6.232554374973382
ENSG00000101333,6.030876644310663
ENSG00000187498,10.441169013399499
ENSG00000106025,7.607742178691602
ENSG00000163848,8.744766394359248
ENSG00000179168,3.080969647439355
ENSG00000083814,4.961257889568196
ENSG00000085872,9.13056712572682
ENSG00000162426,4.09791645694823
ENSG00000064726,8.632724811949714
ENSG00000249884,0.21780306312348618
ENSG00000137692,7.623105726298654
ENSG00000141027,9.307306256412181
ENSG00000062598,8.539093449542468
ENSG00000136518,8.728080802816693
ENSG00000197119,8.901809570276676
ENSG00000146950,6.742807858949251
ENSG00000123200,8.886109261464048
ENSG00000125798,4.400806548425488
ENSG00000187634,5.100462050365233
ENSG00000139718,9.007367897641922
ENSG00000189159,9.033541347420961
ENSG00000166153,2.6041146495747145
ENSG00000100906,9.911835061911521
ENSG00000181634,4.910160821822339
ENSG00000008513,9.152722882121056
ENSG00000112812,6.649407015513963
ENSG00000148219,4.809457171235282
ENSG00000182134,6.813768452369538
ENSG00000185115,7.495338451840435
ENSG00000167196,7.296249200628262
ENSG00000197530,8.351832599192075
ENSG00000198346,5.6153611057501065
ENSG00000156787,6.053884441766349
ENSG00000162419,6.899953704121843
ENSG00000111644,4.802872555672089
ENSG00000165443,3.8080102079461176
ENSG00000119661,6.612667833973484
ENSG00000153902,3.108994719689532
ENSG00000163528,6.464664443669632
ENSG00000161016,13.902375671835536
ENSG00000131669,8.706589766528214
ENSG00000156453,9.233958662540891
ENSG00000088543,5.463888630308686
ENSG00000116030,9.624222378134519
ENSG00000089486,7.166775356745006
ENSG00000108829,9.401419093654134
ENSG00000167513,7.625742039776378
ENSG00000151461,8.405036167190245
ENSG00000104835,4.540584921561708
ENSG00000188827,5.956050579052174
ENSG00000095261,8.428867396830439
ENSG00000146918,7.5046334979013105
ENSG00000214078,10.02105942496569
ENSG00000143537,9.948958478606
ENSG00000143614,9.110229968633648
ENSG00000142748,2.9553440936030464
ENSG00000143374,8.202359548889364
ENSG00000112367,7.129917713133791
ENSG00000013392,6.096594315441599
ENSG00000115998,6.695582640322973
ENSG00000115073,9.348369075873272
ENSG00000155561,9.076058384251409
ENSG00000104312,7.603129349825983
ENSG00000139437,6.685263266174181
ENSG00000104147,3.2050733350299434
ENSG00000160049,8.90199012446524
ENSG00000170873,6.295842647666138
ENSG00000007202,9.248718083590346
ENSG00000100767,5.600797062569744
ENSG00000158552,7.255939908854229
ENSG00000160993,6.376499923148597
ENSG00000155906,6.747741128251948
ENSG00000204475,0.9311945222777812
ENSG00000175334,10.684884824881754
ENSG00000137210,9.04915680619262
ENSG00000143319,8.553048953516463
ENSG00000083828,6.292862473627256
ENSG00000185924,3.026908937705569
ENSG00000073711,7.520505680910042
ENSG00000198689,7.097809079948599
ENSG00000181938,5.632653565165454
ENSG00000087237,2.4548416266161235
ENSG00000154518,10.55748780675239
ENSG00000135960,2.748732339322092
ENSG00000134644,9.99984047602412
ENSG00000158941,8.625787917506818
ENSG00000164366,7.3043833951177914
ENSG00000108556,3.371061706414103
ENSG00000157796,7.185541959940276
ENSG00000127220,7.502037645818203
ENSG00000076201,9.804337624651323
ENSG00000244734,6.23909875779423
ENSG00000081041,4.594264882619319
ENSG00000146433,7.413216424429252
ENSG00000146535,8.470206555721946
ENSG00000254122,4.0919415669880586
ENSG00000103811,8.887396948369167
ENSG00000166526,8.258804153590802
ENSG00000141562,8.36495938391494
ENSG00000142677,3.883477089164673
ENSG00000173011,7.589491906550385
ENSG00000089050,7.709057127253869
ENSG00000137824,7.628139314410691
ENSG00000185800,8.295224771623399
ENSG00000162607,8.660178168403363
ENSG00000113645,9.121739734541684
ENSG00000125637,8.825269807620726
ENSG00000144061,6.101815325769261
ENSG00000095203,7.024705963494998
ENSG00000102858,9.609559923514725
ENSG00000164066,6.260847993697583
ENSG00000114857,8.083940447039707
ENSG00000169908,11.133846517276789
ENSG00000120262,5.425917909473414
ENSG00000109832,2.8833398901019773
ENSG00000003756,8.382993595838958
ENSG00000170959,2.7088863187520147
ENSG00000147123,9.955254569586131
ENSG00000163815,1.642250246017345
ENSG00000005059,7.029176061342949
ENSG00000168502,4.263384878778261
ENSG00000205209,2.1768463943676757
ENSG00000106462,7.525714974663649
ENSG00000135749,7.428558432488081
ENSG00000100156,3.388230765023046
ENSG00000108010,8.563288188189075
ENSG00000172922,7.954853846323996
ENSG00000036448,1.686889591631867
ENSG00000178821,4.4323272616529135
ENSG00000163166,7.934456218916148
ENSG00000141971,8.791563961624504
ENSG00000100084,5.988857343621881
ENSG00000162407,7.9380834513219245
ENSG00000151552,7.49820059476895
ENSG00000128463,8.160318029644218
ENSG00000139132,7.114464345346203
ENSG00000132563,5.887081307548642
ENSG00000137404,7.704528940725033
ENSG00000056487,0.5783040591206917
ENSG00000172345,2.287710917927818
ENSG00000197483,7.290612457163255
ENSG00000137504,8.272834554867279
ENSG00000175575,7.437135776715372
ENSG00000139613,9.609379129481768
ENSG00000110931,8.504596771851784
ENSG00000182107,8.211932211453725
ENSG00000213064,9.542178874106732
ENSG00000101945,6.585485870865287
ENSG00000168143,2.3067260578794344
ENSG00000133226,9.374077068882332
ENSG00000159873,7.903162202324647
ENSG00000130517,7.6305233958411405
ENSG00000159445,7.240021211988841
ENSG00000152454,5.490999507523767
ENSG00000157637,9.244103649915743
ENSG00000163346,9.342612008715117
ENSG00000133104,7.959332397271173
ENSG00000159588,3.827236568202216
ENSG00000070759,5.206069003147898
ENSG00000214367,6.215138924429524
ENSG00000168890,7.462189683315479
ENSG00000179094,7.731842231321215
ENSG00000105887,10.046989398760415
ENSG00000155893,7.037255136252375
ENSG00000101407,8.263911341649553
ENSG00000102287,7.001999007519781
ENSG00000109255,6.329836934232982
ENSG00000107371,6.849561973489076
ENSG00000107862,9.31514391235817
ENSG00000179918,8.74905754169207
ENSG00000164080,7.400342962452927
ENSG00000179796,3.040106577025031
ENSG00000185261,3.2945324668987257
ENSG00000143190,8.131414197090937
ENSG00000172458,3.919749422720411
ENSG00000164647,6.124298995918116
ENSG00000171811,3.7519007474983717
ENSG00000214087,7.425522684189084
ENSG00000167978,12.10710374744066
ENSG00000198252,7.186361963452824
ENSG00000152804,4.9884981658495064
ENSG00000117791,4.879411979608881
ENSG00000166444,8.825657646768272
ENSG00000136930,9.454148734674048
ENSG00000043591,1.469657962977342
ENSG00000198015,8.63317384224276
ENSG00000175106,3.275403277426466
ENSG00000111412,8.037020375658631
ENSG00000131398,7.59602542916464
ENSG00000154133,5.4107209047388976
ENSG00000162006,4.673362803757259
ENSG00000109861,9.495263259394426
ENSG00000011405,8.518085236720012
ENSG00000173141,8.800658150302288
ENSG00000101955,5.4282245965357125
ENSG00000172346,4.338171936799178
ENSG00000158006,7.056388951345061
ENSG00000103064,5.114044870248524
ENSG00000180879,10.3493933014675
ENSG00000177853,6.91798402003489
ENSG00000167874,3.9632574930823363
ENSG00000132522,2.784139215939333
ENSG00000135506,9.767394709625904
ENSG00000109756,6.975220438524834
ENSG00000214279,3.6050198068439134
ENSG00000033100,8.912469978904033
ENSG00000122729,7.67483035741408
ENSG00000156853,6.617068198447929
ENSG00000170412,8.882610170553777
ENSG00000172819,9.370793591332864
ENSG00000198901,2.852912597256547
ENSG00000004660,5.263533855342295
ENSG00000144857,8.388991968512931
ENSG00000117298,9.642678943761068
ENSG00000109971,12.648341807259845
ENSG00000149289,5.491985372085049
ENSG00000126705,9.557524361763473
ENSG00000066923,4.945196570318306
ENSG00000188647,7.642761454036958
ENSG00000109572,7.899538523587784
ENSG00000018610,6.957835906003049
ENSG00000131378,7.270934752818201
ENSG00000163093,6.109171694576454
ENSG00000125454,5.942976638201363
ENSG00000109771,4.229107168497923
ENSG00000269858,4.234560759934003
ENSG00000084754,10.229434456764402
ENSG00000250305,2.546686720618585
ENSG00000147439,5.940630900341059
ENSG00000004776,5.988280218805753
ENSG00000104936,7.040979820020994
ENSG00000086065,8.838401273743465
ENSG00000196684,6.611159597848704
ENSG00000174109,6.349620249460333
ENSG00000152558,10.673794765388656
ENSG00000188486,9.745912842596768
ENSG00000214717,8.309938915339528
ENSG00000185338,5.93556961389666
ENSG00000163382,10.141124140822123
ENSG00000120647,6.140585615743577
ENSG00000117069,7.45838307261609
ENSG00000136732,6.9637372518637894
ENSG00000114631,8.174690605192986
ENSG00000119487,8.91174002152471
ENSG00000188747,7.225776090817766
ENSG00000122012,3.2296789845718807
ENSG00000162650,6.120216201017885
ENSG00000162889,9.471612214487699
ENSG00000126785,4.842162146019801
ENSG00000173334,8.824137111822967
ENSG00000112146,7.980500708897422
ENSG00000154358,8.257225566722392
ENSG00000124299,9.089263064906962
ENSG00000164327,7.397009015226047
ENSG00000183010,8.214936378871046
ENSG00000076604,8.635146980950337
ENSG00000104356,5.6055668028986005
ENSG00000260027,6.775954426982896
ENSG00000163013,6.893767646039654
ENSG00000102452,2.839120455713143
ENSG00000198865,2.7293589915429637
ENSG00000102753,7.956247947279494
ENSG00000169609,6.835578505730798
ENSG00000213918,6.339175054356693
ENSG00000183647,4.805294272478028
ENSG00000184178,6.42615941157078
ENSG00000198373,8.28843383222502
ENSG00000070778,6.7412406650529055
ENSG00000163734,3.5616681365171443
ENSG00000068383,7.010452875974756
ENSG00000167702,7.829805714521652
ENSG00000172264,6.272311374422769
ENSG00000128408,4.664920596864047
ENSG00000168061,7.0244308250354734
ENSG00000123427,6.44841821012402
ENSG00000184160,7.802021312209133
ENSG00000111850,5.528962975004072
ENSG00000102100,8.612237602101029
ENSG00000170296,1.9546902694491213
ENSG00000174963,1.955304969844074
ENSG00000153822,3.08123528587218
ENSG00000117122,8.185813527868614
ENSG00000147697,3.2378683848553784
ENSG00000135469,5.1597096605483905
ENSG00000173465,7.8746784666338545
ENSG00000189369,5.50706271574615
ENSG00000178338,5.454422500671647
ENSG00000136999,6.436979364760471
ENSG00000143499,7.946351334384141
ENSG00000005889,8.046102434766201
ENSG00000173917,7.87606186551359
ENSG00000164919,9.15391949234773
ENSG00000013563,5.894143224774534
ENSG00000103707,6.349637461733877
ENSG00000129244,4.931569590476202
ENSG00000173875,7.938025837107512
ENSG00000108387,4.770371479119926
ENSG00000117016,4.5221224662953805
ENSG00000198625,8.024599286633562
ENSG00000131061,6.230783903550858
ENSG00000116141,4.302701934440941
ENSG00000187672,2.5946894068325204
ENSG00000205730,7.1535668650537225
ENSG00000160856,0.9851859836114146
ENSG00000182154,8.026055730666032
ENSG00000093010,8.869639359397485
ENSG00000159399,8.331447816648545
ENSG00000239887,6.678714128236204
ENSG00000117600,3.845961291655923
ENSG00000127663,8.288555898652001
ENSG00000072134,7.0452047034076815
ENSG00000100938,8.322213212487991
ENSG00000167112,8.114337632231102
ENSG00000113761,6.757890307213987
ENSG00000111696,6.180163259394967
ENSG00000204070,8.167487397128278
ENSG00000164967,7.213544893555501
ENSG00000102218,6.80899368363266
ENSG00000070413,9.548439779121237
ENSG00000137106,9.20955996953976
ENSG00000175550,9.302265346323153
ENSG00000112242,7.703638978176485
ENSG00000167771,6.417699106776953
ENSG00000109189,7.025014204278287
ENSG00000135363,6.030557363705902
ENSG00000160712,7.691675659780883
ENSG00000214944,6.749257473358583
ENSG00000087157,7.7686533145224965
ENSG00000124104,6.446943640605041
ENSG00000063015,2.498636608737545
ENSG00000204583,0.39133339802070327
ENSG00000116001,9.01346371433005
ENSG00000169248,5.643331111571818
ENSG00000016864,8.242737354266572
ENSG00000007908,1.327043114959371
ENSG00000070985,2.5414599263963575
ENSG00000167447,6.505840344009479
ENSG00000166159,0.0918562636416585
ENSG00000188536,5.307051318308058
ENSG00000163874,7.046994729527343
ENSG00000131203,6.097267687170358
ENSG00000177683,7.203440494030178
ENSG00000184967,7.741689100523368
ENSG00000108947,6.250236186612966
ENSG00000178538,5.856409517105675
ENSG00000152785,1.681278729384053
ENSG00000032444,8.79490841988271
ENSG00000179933,8.450501862259749
ENSG00000198604,8.151900209923648
ENSG00000149929,6.757493572920867
ENSG00000120029,7.493484819168704
ENSG00000092964,8.691402487727677
ENSG00000171067,8.475807906880847
ENSG00000136169,6.090291957863586
ENSG00000147113,5.3915607084214665
ENSG00000172890,8.646114712125295
ENSG00000177854,6.414078813666752
ENSG00000140287,0.29372220546841143
ENSG00000171346,5.0123988935731
ENSG00000114547,0.4247903457785132
ENSG00000119929,5.715109351550986
ENSG00000160949,8.491598302437646
ENSG00000178401,5.897506354851463
ENSG00000109101,2.95991046289032
ENSG00000063127,3.2574352591271465
ENSG00000103365,8.712267890986817
ENSG00000115297,0.10924197438971155
ENSG00000104518,8.640833552307914
ENSG00000166908,8.788130342290005
ENSG00000097021,7.4790421149592285
ENSG00000157353,6.71977328934979
ENSG00000166669,6.463016023857227
ENSG00000047315,9.112030543278129
ENSG00000121297,5.5726328305814254
ENSG00000135740,3.4551013702334634
ENSG00000173273,8.153765231914528
ENSG00000136935,6.984794452364457
ENSG00000178741,9.857714872884547
ENSG00000132581,7.970942594057657
ENSG00000121481,7.949901007222504
ENSG00000072954,6.414132751290011
ENSG00000002016,6.487098500921689
ENSG00000180044,3.064648355641513
ENSG00000175455,8.041656504876299
ENSG00000185917,6.587230648747325
ENSG00000086827,7.038901434723863
ENSG00000219438,4.159463797825995
ENSG00000164758,7.213419862548449
ENSG00000148362,7.8323730191445415
ENSG00000111554,6.408811089792265
ENSG00000108349,9.335895313601357
ENSG00000136457,1.883533193387865
ENSG00000140450,6.0463115591093715
ENSG00000008282,9.743553339889466
ENSG00000147526,8.124899457340947
ENSG00000167861,9.684825595136452
ENSG00000167081,6.527287864394153
ENSG00000078403,7.976297407752186
ENSG00000173083,6.278666544948057
ENSG00000109758,3.103646035071052
ENSG00000095485,7.183998361446974
ENSG00000111203,8.0133536855497
ENSG00000162040,1.6004211065246052
ENSG00000126821,5.94220627889747
ENSG00000153015,6.691569640057844
ENSG00000174903,9.477843188713244
ENSG00000134817,5.3868466607849985
ENSG00000095066,8.435060947974717
ENSG00000177054,7.870054833863644
ENSG00000138867,9.175976304362557
ENSG00000169429,5.989893707492561
ENSG00000106290,8.002209025511206
ENSG00000145216,6.261318294053024
ENSG00000101846,6.615611244089594
ENSG00000087502,8.240057189933726
ENSG00000100519,8.547560759515916
ENSG00000166797,8.239657442865921
ENSG00000162669,2.026864128797796
ENSG00000120616,7.6036834675983895
ENSG00000220008,1.047195501319479
ENSG00000122756,4.5633389591468365
ENSG00000164674,4.823894172470814
ENSG00000139714,3.9682728351468097
ENSG00000124789,9.072143927868618
ENSG00000115310,10.210503484733815
ENSG00000198929,4.897226958658299
ENSG00000165264,8.175647725605437
ENSG00000149582,7.383034609282966
ENSG00000122547,6.1468766982456176
ENSG00000142669,10.415948988031225
ENSG00000165775,9.124004617980045
ENSG00000050393,8.69456223966165
ENSG00000063046,11.00576039267347
ENSG00000166426,6.784046826449775
ENSG00000184381,6.921400478072179
ENSG00000124098,9.46538896399133
ENSG00000101493,7.156167139817628
ENSG00000163600,1.8486112888556911
ENSG00000100889,7.390854262823923
ENSG00000130783,0.6275536419044727
ENSG00000132975,2.5272770724814007
ENSG00000105223,11.077459050963878
ENSG00000100418,8.030989307521573
ENSG00000101049,3.2754966851653884
ENSG00000090615,8.698786466692738
ENSG00000143612,10.660401144859291
ENSG00000143942,4.57633649608583
ENSG00000177556,8.289147279729285
ENSG00000092108,8.145466305511928
ENSG00000174640,6.397722498764149
ENSG00000204711,1.9950868352822675
ENSG00000114126,9.144613638806135
ENSG00000080644,1.3511068467018654
ENSG00000118160,1.4190328733152027
ENSG00000181722,6.632889003979573
ENSG00000160972,9.243593007738614
ENSG00000166821,5.647276303709849
ENSG00000182504,6.249692054136864
ENSG00000165197,0.12737738371034432
ENSG00000130876,1.649535122652225
ENSG00000148488,2.3044051148489024
ENSG00000184545,6.517292936181502
ENSG00000177464,4.7135619568918194
ENSG00000062282,5.845920809993185
ENSG00000162068,1.9176351791142854
ENSG00000166167,7.0638166992359475
ENSG00000113384,9.814274231527481
ENSG00000141499,6.525123654926694
ENSG00000198399,7.7903256053600325
ENSG00000100410,7.408180441424668
ENSG00000196363,8.27380411449051
ENSG00000101413,8.268074774987836
ENSG00000136928,2.914435013708276
ENSG00000105202,10.4316424707814
ENSG00000178623,4.522012959893701
ENSG00000149547,9.774380014486752
ENSG00000182923,6.885829258634558
ENSG00000181035,6.593137635775295
ENSG00000155256,7.552419830714822
ENSG00000155252,7.532920454158617
ENSG00000106012,7.432633258412389
ENSG00000187730,2.562548195961681
ENSG00000170954,6.086436436755187
ENSG00000159885,3.3233454820965704
ENSG00000204291,7.262619339674944
ENSG00000161914,5.742310485196501
ENSG00000161243,5.454845272088104
ENSG00000122674,5.536460594007624
ENSG00000092203,8.989134239876357
ENSG00000178397,6.919657669109153
ENSG00000132254,8.58022300351233
ENSG00000175130,11.269096460764946
ENSG00000138411,4.668752690241864
ENSG00000188921,6.894535998737962
ENSG00000106336,1.5031743529472945
ENSG00000142599,10.764604332132153
ENSG00000112118,9.458234849197057
ENSG00000059573,9.487251523023454
ENSG00000106263,10.125763549366859
ENSG00000104361,7.248151310715499
ENSG00000168490,2.1838806568177205
ENSG00000008128,2.5466153666505966
ENSG00000196235,10.167283051647775
ENSG00000117400,3.1710433089550225
ENSG00000168495,7.348343823461263
ENSG00000124279,5.974866106209438
ENSG00000163818,7.948091621997926
ENSG00000150527,7.832268151895043
ENSG00000138614,8.211441455494674
ENSG00000158711,7.786419414434409
ENSG00000213079,7.778937471198728
ENSG00000115541,8.494575852959883
ENSG00000187860,4.90107612346092
ENSG00000116711,5.666809673012481
ENSG00000143842,8.975364517630988
ENSG00000268182,2.093541791417723
ENSG00000069869,4.949410991725103
ENSG00000163214,7.527831293750738
ENSG00000090924,8.67527540162247
ENSG00000188177,6.555024738267971
ENSG00000185591,9.82262127785613
ENSG00000184923,1.5366410734639497
ENSG00000153790,5.080580553530187
ENSG00000099290,7.7958740185586395
ENSG00000130449,7.1831807740878055
ENSG00000169245,7.902471053941698
ENSG00000040531,6.83592414102279
ENSG00000092140,7.300512919011474
ENSG00000112562,7.1341267622842395
ENSG00000166402,6.061237849881053
ENSG00000164010,6.312265798415456
ENSG00000165675,6.208707311454963
ENSG00000164347,6.8104070440933695
ENSG00000151502,8.602220067697534
ENSG00000110665,2.2974070166001113
ENSG00000051180,6.095839713577303
ENSG00000102935,6.4381144376103485
ENSG00000144357,7.716145849742834
ENSG00000090273,9.5655066422934
ENSG00000139531,7.56377803003653
ENSG00000165671,9.278515266419275
ENSG00000136155,4.973783416731032
ENSG00000122694,7.811069999820077
ENSG00000127920,6.384218950218704
ENSG00000127526,9.157480629693378
ENSG00000169131,6.297435228945272
ENSG00000158201,5.9181133959705265
ENSG00000185955,1.7035051111780988
ENSG00000138448,9.371575534157241
ENSG00000161956,6.330652706087977
ENSG00000185627,9.117881866507268
ENSG00000186118,0.29041180404845396
ENSG00000162627,6.797984824273721
ENSG00000139546,8.281536565388853
ENSG00000104946,8.866796397402426
ENSG00000100567,8.71850631447181
ENSG00000182742,6.936541360904058
ENSG00000188026,5.9912486352802725
ENSG00000235863,6.015656677506843
ENSG00000198331,6.1213811155302995
ENSG00000137331,7.469599603863279
ENSG00000081177,7.677706203384489
ENSG00000132275,6.514013467122997
ENSG00000196387,6.521633034832082
ENSG00000089289,8.504085936059434
ENSG00000125966,5.365031126463045
ENSG00000165474,6.375571913782555
ENSG00000172817,4.9998067364303616
ENSG00000071127,10.78964743967172
ENSG00000213719,11.027105640972525
ENSG00000171163,7.76792575629771
ENSG00000135070,7.876744507320094
ENSG00000157426,6.048103966835289
ENSG00000106305,7.213821302115738
ENSG00000148291,6.494483108986242
ENSG00000099194,9.436164277218444
ENSG00000152795,10.042699142372644
ENSG00000135953,6.382510574488341
ENSG00000111540,10.811882578797157
ENSG00000145113,5.676830980769217
ENSG00000188643,10.202285938941104
ENSG00000196196,3.824825691589325
ENSG00000133818,7.504675581370973
ENSG00000168237,4.418523656750805
ENSG00000100249,-0.011084130724125727
ENSG00000131981,10.010233138704725
ENSG00000008441,10.670869375636263
ENSG00000213937,6.080355434379401
ENSG00000140284,3.5863250998476834
ENSG00000163964,7.542058968246357
ENSG00000196812,5.444811322496002
ENSG00000087258,5.02770451553141
ENSG00000138468,6.670715856672163
ENSG00000141858,9.67241231775178
ENSG00000081307,7.53608906565592
ENSG00000175265,6.957114172832761
ENSG00000167005,9.032371350066844
ENSG00000253506,2.631594511033438
ENSG00000101474,9.420150160203008
ENSG00000188833,3.304824122581538
ENSG00000182534,9.352974828643541
ENSG00000206013,0.40981021583857946
ENSG00000179295,8.932034161432812
ENSG00000151332,7.415712221195904
ENSG00000145734,7.434659318347022
ENSG00000125457,7.310731061576416
ENSG00000150753,10.23650934426717
ENSG00000113916,9.301378143328757
ENSG00000154370,7.922671743294966
ENSG00000235162,7.476920367539928
ENSG00000214021,6.191447592662826
ENSG00000152977,3.2926834137418886
ENSG00000143061,6.809494210203318
ENSG00000106125,2.7707629854068987
ENSG00000149646,1.3377868545927332
ENSG00000125814,6.187402454614784
ENSG00000113494,3.715649215054618
ENSG00000198547,0.0589659182233677
ENSG00000105085,6.2052759201354375
ENSG00000243943,8.043996381131176
ENSG00000170464,6.067398568680147
ENSG00000161960,4.050297701693711
ENSG00000169093,7.165051759987645
ENSG00000059769,5.767352647105304
ENSG00000166532,7.8489943798489525
ENSG00000184384,8.014074642224376
ENSG00000196391,5.971828026453572
ENSG00000187479,6.088917394662003
ENSG00000143368,10.133872087828609
ENSG00000139508,6.132611165291889
ENSG00000204843,9.463023576863915
ENSG00000175711,5.656552836267292
ENSG00000089022,7.918064870491225
ENSG00000188878,5.06484866598148
ENSG00000061987,7.683108565274514
ENSG00000204516,5.609179705534309
ENSG00000179832,9.439497675564573
ENSG00000118322,4.358475210005299
ENSG00000254986,8.70011265672976
ENSG00000143382,5.826373262096433
ENSG00000101849,8.176786384238069
ENSG00000185220,5.636932048489016
ENSG00000168140,9.509780569675172
ENSG00000171448,6.3053903272586
ENSG00000112782,8.834803833319423
ENSG00000168394,8.823150258165288
ENSG00000154945,7.8521055089570835
ENSG00000204922,6.000176168506506
ENSG00000139624,8.273841555339667
ENSG00000205362,2.819049182505522
ENSG00000100330,5.355699680725185
ENSG00000107854,8.61073435483152
ENSG00000145934,1.8369853435146135
ENSG00000183779,8.694972756517034
ENSG00000204001,0.21417501705741254
ENSG00000110536,4.6691178259829496
ENSG00000008838,8.898377471929606
ENSG00000128268,7.1220222290674915
ENSG00000151689,6.1276077209916595
ENSG00000181350,4.315275968882111
ENSG00000088970,7.009474139117784
ENSG00000175164,6.621685365227159
ENSG00000108379,3.1766912695992984
ENSG00000175877,1.659137107463516
ENSG00000100991,9.488548922428356
ENSG00000100731,7.811465282089228
ENSG00000129214,1.3425360688883279
ENSG00000234444,6.918330580015527
ENSG00000135094,5.759820609590065
ENSG00000111596,8.997507674883735
ENSG00000138381,6.870786797667307
ENSG00000151657,6.542177804832571
ENSG00000165219,7.916551171605384
ENSG00000132321,6.520885279344459
ENSG00000168356,2.0290033127730083
ENSG00000163293,4.860702215434769
ENSG00000129473,7.446000775463206
ENSG00000152700,7.994118723153996
ENSG00000181610,8.14977057066332
ENSG00000268279,0.6560752355282851
ENSG00000173545,7.5213189282784905
ENSG00000128591,6.76345565320469
ENSG00000156738,0.7378245290082256
ENSG00000133030,9.086994017025779
ENSG00000152953,4.0552471563306085
ENSG00000177542,8.072574561933934
ENSG00000005102,5.576484910315396
ENSG00000185883,0.7603857435731269
ENSG00000090054,8.935552361102259
ENSG00000131242,8.502978574969056
ENSG00000163719,8.33094119316188
ENSG00000103550,7.1268426217566105
ENSG00000005339,9.830311350140414
ENSG00000130758,6.686253600381802
ENSG00000113838,6.64264469725441
ENSG00000105971,7.306474183784415
ENSG00000074356,7.967790692584621
ENSG00000212127,3.030512849569716
ENSG00000101473,7.646074088095921
ENSG00000136492,5.471647329547575
ENSG00000187522,6.520863553244476
ENSG00000126003,9.27313024139627
ENSG00000165449,6.580476424020989
ENSG00000188677,6.673217794673716
ENSG00000086758,11.000900671531694
ENSG00000156521,7.657883039527468
ENSG00000183648,8.094929140166105
ENSG00000198909,7.824896284608936
ENSG00000146592,5.499730357358568
ENSG00000102524,6.050675692152355
ENSG00000177697,10.522925133964682
ENSG00000188039,3.3390650488932665
ENSG00000067064,7.894997145020856
ENSG00000107317,5.057583608803254
ENSG00000014914,6.227537895979727
ENSG00000106460,9.018611633730325
ENSG00000166441,12.937155771019244
ENSG00000159082,5.672684260642698
ENSG00000131495,8.022590031001608
ENSG00000111845,7.525790641963437
ENSG00000083635,6.07789422791209
ENSG00000126005,8.437497675994496
ENSG00000137713,7.2268521970779664
ENSG00000055130,8.903616162071843
ENSG00000073331,6.773629618213216
ENSG00000167220,1.7916693744945598
ENSG00000063587,8.237113644653801
ENSG00000186787,4.057766558533858
ENSG00000156234,3.7915050832792954
ENSG00000140992,7.326434677786342
ENSG00000213171,1.4159370744500737
ENSG00000176225,5.5456454060403875
ENSG00000147010,8.543672978505853
ENSG00000196557,5.23649275222483
ENSG00000140688,8.13522302883764
ENSG00000079215,8.113400311812136
ENSG00000177600,12.701656683827851
ENSG00000186871,5.233569842988347
ENSG00000142661,2.4638737276772975
ENSG00000103168,7.677841637934557
ENSG00000188199,1.0626288308354306
ENSG00000130779,8.24039988118845
ENSG00000188993,0.786050079479439
ENSG00000116717,7.935229037978432
ENSG00000172748,4.381863498599986
ENSG00000095932,3.6509843836334817
ENSG00000162777,8.322338873205922
ENSG00000164414,5.598059915089419
ENSG00000165152,6.484267349112749
ENSG00000112584,7.616258085344727
ENSG00000127328,7.586170787880195
ENSG00000226124,5.415760249669375
ENSG00000100162,6.074843604443247
ENSG00000162869,7.800870310740665
ENSG00000153130,8.569701293283128
ENSG00000164076,0.06491521209115736
ENSG00000099800,8.233382046862264
ENSG00000119772,8.764491417212186
ENSG00000052749,7.909840243476553
ENSG00000173338,1.771514163798989
ENSG00000154529,0.01020523203468457
ENSG00000112655,10.126794168534843
ENSG00000169031,2.0117239419589223
ENSG00000213901,1.4717819819589948
ENSG00000185262,9.517237826592511
ENSG00000160746,7.301322001055311
ENSG00000132879,7.423963242512894
ENSG00000065621,7.5537872326010955
ENSG00000179083,1.1367142718415417
ENSG00000134152,7.162032251301794
ENSG00000164611,8.233337878655439
ENSG00000149925,8.177068678669361
ENSG00000055118,7.163437824358878
ENSG00000198026,7.784807102924147
ENSG00000120533,8.994946363337084
ENSG00000129646,4.5951305956790245
ENSG00000204099,3.503926401012018
ENSG00000159459,6.723702521159879
ENSG00000065526,9.68615705977831
ENSG00000213341,6.932824184013194
ENSG00000087111,8.025463471375561
ENSG00000188959,4.0320752706594964
ENSG00000259529,0.2754003025671423
ENSG00000198242,12.420876796483943
ENSG00000166860,6.89859681033592
ENSG00000188064,5.530264071291865
ENSG00000111727,5.873583768023413
ENSG00000091536,4.055883611744007
ENSG00000178927,8.98025946652846
ENSG00000113593,6.637535610638361
ENSG00000105613,5.806387099375387
ENSG00000028203,8.118494542501246
ENSG00000212916,4.721837136759124
ENSG00000115520,7.1182274045903275
ENSG00000182327,1.8806884103066392
ENSG00000166337,6.054988302358228
ENSG00000110851,7.652327151069865
ENSG00000188529,9.26777889490685
ENSG00000162714,8.794403956412744
ENSG00000221994,4.594210241377159
ENSG00000158019,8.23963858808958
ENSG00000084774,9.557529968950236
ENSG00000082153,9.189415149861102
ENSG00000187678,7.8196954638684035
ENSG00000137714,7.149156068246368
ENSG00000196361,0.5702700820312909
ENSG00000154380,9.740089738719464
ENSG00000162409,5.886076326977653
ENSG00000162927,5.696617989310089
ENSG00000145741,11.376466584054693
ENSG00000150540,6.8516971025688465
ENSG00000162510,1.4372275989048213
ENSG00000123636,7.6759406395995
ENSG00000102241,8.336172188830734
ENSG00000055044,8.409388270780063
ENSG00000240204,5.137511106790041
ENSG00000145979,7.2934795848566365
ENSG00000175567,11.515971056526261
ENSG00000110717,10.491815881894572
ENSG00000138030,4.312258430657776
ENSG00000178605,7.963160026296649
ENSG00000135045,5.647581492133249
ENSG00000175224,9.519314127250084
ENSG00000154589,4.6240957632711455
ENSG00000197599,2.7383520887253217
ENSG00000146282,7.893341688024084
ENSG00000165410,7.8958887720784485
ENSG00000006712,8.61845517937979
ENSG00000116786,9.085415605417895
ENSG00000155090,8.588912497044817
ENSG00000122035,5.66980228460142
ENSG00000163599,1.9061727033482507
ENSG00000161835,5.850712690006886
ENSG00000052850,0.4494244125983064
ENSG00000141198,7.327931581916513
ENSG00000173013,3.503747054015241
ENSG00000165304,7.20575157939815
ENSG00000137968,4.199838808332389
ENSG00000187772,1.1140575178066887
ENSG00000198408,9.163987225575598
ENSG00000119950,8.449459708930853
ENSG00000116977,8.140091484071466
ENSG00000095752,2.94557659226034
ENSG00000157429,4.5725321303750155
ENSG00000099974,3.2976334333486292
ENSG00000249751,1.485798453355775
ENSG00000196369,4.268173396493429
ENSG00000143816,5.263702984637379
ENSG00000101445,6.839430279615247
ENSG00000130775,8.319462074493888
ENSG00000168936,8.38738259296589
ENSG00000204315,5.919071120134411
ENSG00000105993,9.326117451775833
ENSG00000187109,11.296290341953277
ENSG00000049768,4.125646386342985
ENSG00000204815,3.832989465684445
ENSG00000165209,8.196624457217043
ENSG00000084110,2.4366473012378824
ENSG00000145912,8.865945763355809
ENSG00000100916,5.893801889527672
ENSG00000083093,6.491631029003924
ENSG00000152592,1.1220224597691817
ENSG00000132749,7.173491207043468
ENSG00000110080,7.151636396981384
ENSG00000173660,9.886617292811541
ENSG00000219626,4.433194745835125
ENSG00000176095,8.854774540790075
ENSG00000101363,8.818905267045194
ENSG00000169220,7.257986105249626
ENSG00000103544,8.185469894671495
ENSG00000168246,7.798017544538807
ENSG00000198131,7.351345204261121
ENSG00000140521,7.820213935068273
ENSG00000110330,8.738534119111682
ENSG00000164068,7.690241072836073
ENSG00000131781,4.272768260060566
ENSG00000171533,5.229407986615969
ENSG00000205339,9.809371677361366
ENSG00000172785,6.322712955351683
ENSG00000079616,8.428095182708676
ENSG00000164877,7.1043798465882135
ENSG00000101811,6.835073667923115
ENSG00000101440,1.4199251167453393
ENSG00000112941,7.860047156114829
ENSG00000185130,1.1860039560250613
ENSG00000259431,5.054165987449702
ENSG00000178297,2.3826220385278574
ENSG00000141367,10.769233969400462
ENSG00000188672,3.086665802059232
ENSG00000131373,6.532302487731974
ENSG00000180182,8.572590182273228
ENSG00000133606,9.541978749116932
ENSG00000136098,5.35302526912517
ENSG00000166741,8.109289823724897
ENSG00000133315,7.355038200605982
ENSG00000232629,5.0725029541098685
ENSG00000137648,8.372808366834962
ENSG00000198646,9.218646295244593
ENSG00000173473,10.039482116110484
ENSG00000188211,3.290994274437384
ENSG00000247077,8.351157444081306
ENSG00000169439,7.769585313540899
ENSG00000104973,9.780591790682394
ENSG00000152223,7.514144475837627
ENSG00000170571,6.6876466411818
ENSG00000160781,4.5278118185544205
ENSG00000182208,7.059765781672729
ENSG00000136715,8.216321822065304
ENSG00000166192,4.7196856538951275
ENSG00000122203,9.587878118251114
ENSG00000140153,7.055806497851586
ENSG00000111707,8.66940108138874
ENSG00000166856,-0.10252280645371625
ENSG00000254469,3.5765361343339537
ENSG00000196664,4.55886792687102
ENSG00000100744,7.308252115628284
ENSG00000175782,6.955840673554097
ENSG00000123545,7.381349883771944
ENSG00000189283,6.3532718548269065
ENSG00000163866,7.975584544385035
ENSG00000130150,6.618998939305809
ENSG00000204713,9.431817188842164
ENSG00000135457,8.275748963642595
ENSG00000140365,8.349300308504727
ENSG00000159658,9.985451944890583
ENSG00000124228,8.509082169253036
ENSG00000133794,6.026874160742771
ENSG00000056972,7.47667252277847
ENSG00000141385,8.185496077199224
ENSG00000164300,8.716021392001013
ENSG00000145675,8.082917219021764
ENSG00000236609,7.2596854225728125
ENSG00000184956,3.387391254198936
ENSG00000099849,8.935746148225459
ENSG00000166225,8.21874437701893
ENSG00000172046,9.12439260497517
ENSG00000151882,7.504409297130657
ENSG00000120837,7.7856101303692515
ENSG00000175928,5.356935179613211
ENSG00000133142,8.70887804241991
ENSG00000122299,7.706541776587338
ENSG00000215045,3.289578237050332
ENSG00000132182,9.297568128437014
ENSG00000197565,3.625693500069764
ENSG00000108700,4.3118540653237165
ENSG00000141298,6.9807848870066795
ENSG00000177239,8.804656210433436
ENSG00000171130,8.33957293683866
ENSG00000183876,3.1308733111237887
ENSG00000173153,7.628685876281982
ENSG00000161958,0.3665378511991831
ENSG00000158805,6.0579160009227255
ENSG00000110888,6.8561182751355565
ENSG00000163157,2.1291557111615553
ENSG00000167065,5.198207312669421
ENSG00000111276,8.442052480550359
ENSG00000105825,6.3980457019132455
ENSG00000053702,4.78164696827471
ENSG00000175985,2.145261296421871
ENSG00000204228,6.722252425076422
ENSG00000156599,9.763320559500418
ENSG00000196172,5.868773326470858
ENSG00000007545,6.657419868856641
ENSG00000156650,8.507000131709182
ENSG00000088726,1.3679901456027512
ENSG00000196782,6.886571197992628
ENSG00000089159,8.676543219331968
ENSG00000143457,8.892858250737104
ENSG00000196371,4.770401153735978
ENSG00000118707,8.988515242134822
ENSG00000114279,5.191635022786773
ENSG00000166478,6.711647259093139
ENSG00000177106,9.342519728571782
ENSG00000070444,8.020734411383835
ENSG00000216937,3.8115599091266703
ENSG00000179397,2.983827964269276
ENSG00000120149,2.5797259083151465
ENSG00000182405,4.543056377453587
ENSG00000172757,12.657578758015955
ENSG00000103507,9.08488025861784
ENSG00000125691,12.053067091361402
ENSG00000101126,9.927572490675134
ENSG00000178150,2.1956909849932527
ENSG00000196420,3.5605835795740104
ENSG00000215375,5.610192625586314
ENSG00000114331,8.62394252981291
ENSG00000229314,0.1765536739877067
ENSG00000181135,6.7902107792055055
ENSG00000185420,7.01117812449641
ENSG00000152292,0.53270533174038
ENSG00000185267,2.920507029923024
ENSG00000213420,3.926837753891484
ENSG00000115233,8.594648590154769
ENSG00000061938,8.4782598101227
ENSG00000137414,8.218969674603617
ENSG00000179431,7.932705480025694
ENSG00000206172,2.8179711049664795
ENSG00000084090,10.156497881759023
ENSG00000107949,8.249548204428098
ENSG00000067445,6.839150398639708
ENSG00000102804,10.742280827894993
ENSG00000197429,6.394010827126149
ENSG00000123297,2.1213752550294456
ENSG00000142619,0.9317923364928576
ENSG00000133985,6.942838747855801
ENSG00000087077,9.39369166765202
ENSG00000182287,7.641630929707644
ENSG00000157540,8.912151840711207
ENSG00000197748,4.665194016679762
ENSG00000129194,3.6855642127425186
ENSG00000163389,7.4776323081188325
ENSG00000154127,5.68740020278109
ENSG00000183208,5.0773674999054395
ENSG00000104738,9.418028454308756
ENSG00000116016,8.931491486358867
ENSG00000198723,3.1244703129791223
ENSG00000140406,7.961752771283783
ENSG00000143379,8.261880696568758
ENSG00000135898,0.6415956341442088
ENSG00000144278,3.191381439951802
ENSG00000135392,6.5053735933501455
ENSG00000170624,5.594588385262277
ENSG00000157625,7.320330062330983
ENSG00000141564,8.150754088746204
ENSG00000166851,8.341801727970365
ENSG00000134551,0.6203843239554295
ENSG00000130702,11.718354901484087
ENSG00000242498,7.566530442613968
ENSG00000169914,5.636001336910348
ENSG00000175792,9.040469109984006
ENSG00000162373,4.5960629094904055
ENSG00000122678,7.571436618442891
ENSG00000123384,10.590766279420189
ENSG00000170779,7.861820261521634
ENSG00000172663,8.516419587571033
ENSG00000174775,7.205735807170741
ENSG00000160803,9.130826456192382
ENSG00000120341,0.4848560017641605
ENSG00000204248,4.207976625750157
